<DATE>	<OPEN>	<HIGH>	<LOW>	<CLOSE>	<TICKVOL>	<VOL>	<SPREAD>
2020.01.02	66.215	66.408	65.524	66.080	1634	0	0
2020.01.03	66.219	69.273	66.190	68.371	4015	0	0
2020.01.06	69.807	70.447	67.958	68.142	3314	0	0
2020.01.07	68.125	68.453	67.386	68.030	2040	0	0
2020.01.08	69.858	70.040	64.673	65.553	6430	0	0
2020.01.09	65.579	65.718	64.267	65.077	2401	0	0
2020.01.10	64.835	65.293	64.494	64.683	1447	0	0
2020.01.13	64.534	64.872	63.543	63.821	1946	0	0
2020.01.14	64.001	64.579	63.507	63.962	2106	0	0
2020.01.15	63.870	64.127	63.093	63.817	2016	0	0
2020.01.16	63.921	64.398	63.399	64.176	1744	0	0
2020.01.17	63.974	64.545	63.919	64.486	741	0	0
2020.01.20	64.876	65.053	64.307	64.490	1107	0	0
2020.01.21	64.426	64.428	63.422	63.860	1447	0	0
2020.01.22	63.781	63.861	61.945	61.978	2030	0	0
2020.01.23	61.595	61.962	60.626	61.445	2523	0	0
2020.01.24	61.262	61.743	59.535	59.966	3121	0	0
2020.01.27	58.723	59.081	57.761	58.222	2140	0	0
2020.01.28	58.316	59.356	57.894	59.250	1991	0	0
2020.01.29	59.357	59.794	58.346	58.614	2154	0	0
2020.01.30	58.559	58.590	56.692	58.164	3402	0	0
2020.01.31	58.244	58.418	55.895	56.594	3397	0	0
2020.02.03	56.262	56.721	54.082	54.133	3150	0	0
2020.02.04	54.651	55.670	53.710	53.811	3081	0	0
2020.02.05	54.391	56.478	54.163	55.660	3362	0	0
2020.02.06	55.911	56.609	54.342	55.247	3871	0	0
2020.02.07	55.426	55.497	54.333	54.567	1470	0	0
2020.02.10	54.492	54.835	53.233	53.517	2230	0	0
2020.02.11	54.087	54.760	53.824	54.219	1741	0	0
2020.02.12	54.832	56.332	54.775	56.314	1633	0	0
2020.02.13	56.108	56.804	55.066	56.415	3170	0	0
2020.02.14	56.288	57.447	56.147	57.260	1629	0	0
2020.02.17	57.019	57.563	56.953	57.424	816	0	0
2020.02.18	57.032	57.631	56.191	57.476	2437	0	0
2020.02.19	57.594	59.092	57.569	58.947	1694	0	0
2020.02.20	59.239	59.609	58.553	58.585	1459	0	0
2020.02.21	58.579	58.627	57.270	57.908	2044	0	0
2020.02.24	56.371	56.685	54.612	55.638	3414	0	0
2020.02.25	56.106	56.365	53.953	54.297	3016	0	0
2020.02.26	54.653	54.768	52.371	52.716	2858	0	0
2020.02.27	52.187	52.454	50.386	50.962	2912	0	0
2020.02.28	50.937	51.104	48.920	50.077	3509	0	0
2020.03.02	50.435	52.725	49.873	52.718	3422	0	0
2020.03.03	53.177	53.803	51.544	51.799	3141	0	0
2020.03.04	52.337	52.998	51.058	51.610	3154	0	0
2020.03.05	51.897	52.044	49.744	50.067	2771	0	0
2020.03.06	50.076	50.076	45.243	45.580	5171	0	0
2020.03.09	35.595	37.614	31.528	33.699	10277	0	0
2020.03.10	36.000	38.551	35.347	38.244	4165	0	0
2020.03.11	37.763	40.005	36.054	36.645	6785	0	0
2020.03.12	36.888	37.172	33.464	33.504	4033	0	0
2020.03.13	33.835	36.725	33.555	35.553	4623	0	0
2020.03.16	33.493	34.205	30.543	30.633	4465	0	0
2020.03.17	31.192	32.344	29.614	29.705	3974	0	0
2020.03.18	30.006	30.408	25.799	27.682	6895	0	0
2020.03.19	28.368	30.704	26.322	29.568	7565	0	0
2020.03.20	30.068	32.469	28.399	29.041	7114	0	0
2020.03.23	27.471	29.405	27.185	29.335	2577	0	0
2020.03.24	29.534	30.713	28.968	29.850	3175	0	0
2020.03.25	30.068	30.718	28.256	29.751	4608	0	0
2020.03.26	29.914	30.165	28.290	29.086	2923	0	0
2020.03.27	29.184	29.421	27.315	28.271	3300	0	0
2020.03.30	27.171	27.466	25.600	26.640	3202	0	0
2020.03.31	27.252	28.333	26.140	26.146	3281	0	0
2020.04.01	26.640	26.900	25.182	26.131	2928	0	0
2020.04.02	26.508	35.843	26.154	29.962	15925	0	0
2020.04.03	30.264	35.291	28.920	35.105	7902	0	0
2020.04.06	32.380	34.680	32.364	33.821	3192	0	0
2020.04.07	34.288	34.850	32.658	33.326	3423	0	0
2020.04.08	33.745	34.680	32.676	34.488	3266	0	0
2020.04.09	34.839	37.123	32.518	32.830	7202	0	0
2020.04.13	33.730	34.677	32.110	33.455	4860	0	0
2020.04.14	34.078	34.161	31.631	32.247	3230	0	0
2020.04.15	32.655	32.726	29.554	30.221	3911	0	0
2020.04.16	30.831	31.354	29.481	30.668	3584	0	0
2020.04.17	31.282	31.418	30.185	30.815	2000	0	0
2020.04.20	30.601	30.971	28.189	28.503	3467	0	0
2020.04.21	29.032	29.481	21.132	22.817	10484	0	0
2020.04.22	23.756	25.374	19.407	23.836	11855	0	0
2020.04.23	24.201	26.600	23.437	24.776	5752	0	0
2020.04.24	25.631	25.941	23.754	25.037	3781	0	0
2020.04.27	25.070	25.084	22.483	22.991	3124	0	0
2020.04.28	22.692	23.873	22.034	23.098	3273	0	0
2020.04.29	23.208	25.361	22.931	24.345	3724	0	0
2020.04.30	24.880	27.192	24.679	26.851	3056	0	0
2020.05.01	26.845	28.143	26.063	26.799	4115	0	0
2020.05.04	26.227	28.389	25.870	28.136	3130	0	0
2020.05.05	28.581	31.944	28.146	31.783	4395	0	0
2020.05.06	31.750	32.166	28.931	30.053	4774	0	0
2020.05.07	30.141	32.098	29.412	29.649	4881	0	0
2020.05.08	29.997	31.574	29.800	31.244	2302	0	0
2020.05.11	31.100	31.857	29.834	30.332	3279	0	0
2020.05.12	30.372	31.072	29.790	29.791	1984	0	0
2020.05.13	29.893	30.935	29.300	29.739	3117	0	0
2020.05.14	29.727	31.755	29.332	31.605	2969	0	0
2020.05.15	31.599	33.069	31.249	32.976	2264	0	0
2020.05.18	33.668	35.852	33.513	35.627	2720	0	0
2020.05.19	35.621	35.916	34.388	34.693	2129	0	0
2020.05.20	34.773	36.581	34.666	35.940	2664	0	0
2020.05.21	36.205	37.120	36.002	36.317	2125	0	0
2020.05.22	36.474	36.517	33.892	35.560	4337	0	0
2020.05.25	35.148	36.270	34.939	36.246	1565	0	0
2020.05.26	36.266	37.216	35.804	36.590	2501	0	0
2020.05.27	36.512	36.711	34.700	34.883	2394	0	0
2020.05.28	34.734	36.641	34.386	35.997	3248	0	0
2020.05.29	35.890	38.165	34.888	37.618	4827	0	0
2020.06.01	37.695	38.683	37.197	38.496	2172	0	0
2020.06.02	38.531	39.734	38.379	39.546	1696	0	0
2020.06.03	39.845	40.518	38.784	39.353	2977	0	0
2020.06.04	39.677	40.133	39.071	39.927	1875	0	0
2020.06.05	39.911	42.470	39.766	41.858	3462	0	0
2020.06.08	43.341	43.346	40.750	40.768	2620	0	0
2020.06.09	41.200	41.515	39.934	40.747	2710	0	0
2020.06.10	40.677	42.064	40.296	41.253	2961	0	0
2020.06.11	40.910	41.094	37.976	38.410	3737	0	0
2020.06.12	37.569	39.567	37.157	39.014	3376	0	0
2020.06.15	38.341	39.991	37.395	39.843	3691	0	0
2020.06.16	39.952	41.723	39.087	40.750	4475	0	0
2020.06.17	40.518	41.538	40.121	40.460	2777	0	0
2020.06.18	40.230	41.575	40.067	41.347	1900	0	0
2020.06.19	41.580	42.826	41.007	41.801	3418	0	0
2020.06.22	42.159	43.136	41.821	42.904	1886	0	0
2020.06.23	43.144	43.938	42.193	42.394	2741	0	0
2020.06.24	42.623	42.925	39.864	40.470	3970	0	0
2020.06.25	40.569	41.597	39.697	41.360	3010	0	0
2020.06.26	41.241	41.775	40.268	40.556	2330	0	0
2020.06.29	40.380	41.979	40.003	41.744	2589	0	0
2020.06.30	41.615	41.972	40.995	41.624	1946	0	0
2020.07.01	41.499	42.605	41.014	41.877	2805	0	0
2020.07.02	41.858	43.203	41.723	42.685	2134	0	0
2020.07.03	42.662	42.968	42.309	42.858	1123	0	0
2020.07.06	42.941	43.697	42.774	43.022	1766	0	0
2020.07.07	43.185	43.480	42.501	42.867	1641	0	0
2020.07.08	42.870	43.500	42.859	43.268	885	0	0
2020.07.09	43.332	43.542	42.022	42.361	2070	0	0
2020.07.10	42.533	43.475	41.414	43.282	3374	0	0
2020.07.13	42.921	43.429	42.272	42.282	1676	0	0
2020.07.14	42.266	43.319	41.932	43.080	1961	0	0
2020.07.15	43.201	43.908	42.802	43.644	1770	0	0
2020.07.16	43.715	43.865	43.204	43.300	908	0	0
2020.07.17	43.507	43.521	42.717	43.140	1242	0	0
2020.07.20	43.230	43.545	42.502	43.259	2058	0	0
2020.07.21	43.380	45.007	43.368	44.066	2593	0	0
2020.07.22	44.081	44.602	43.831	44.431	1193	0	0
2020.07.23	44.427	45.016	43.435	43.552	2288	0	0
2020.07.24	43.672	44.180	43.190	43.635	1944	0	0
2020.07.27	43.519	44.168	42.894	43.886	2182	0	0
2020.07.28	44.018	44.311	43.388	43.592	1421	0	0
2020.07.29	43.735	44.282	43.564	44.064	1108	0	0
2020.07.30	44.090	44.235	41.963	43.545	4000	0	0
2020.07.31	43.655	43.820	42.962	43.608	1670	0	0
2020.08.03	43.495	44.506	42.942	43.870	2754	0	0
2020.08.04	43.763	44.893	43.330	44.370	2520	0	0
2020.08.05	44.394	46.329	44.337	45.230	3149	0	0
2020.08.06	45.260	45.809	44.971	45.154	1571	0	0
2020.08.07	45.305	45.432	44.412	44.717	1453	0	0
2020.08.10	44.862	45.419	44.737	45.030	1197	0	0
2020.08.11	45.203	45.981	44.627	44.753	2259	0	0
2020.08.12	44.859	45.863	44.771	45.500	1544	0	0
2020.08.13	45.563	45.824	45.087	45.260	1172	0	0
2020.08.14	45.449	45.450	44.790	45.206	1078	0	0
2020.08.17	45.399	45.777	44.913	45.596	1532	0	0
2020.08.18	45.733	45.930	45.153	45.341	1163	0	0
2020.08.19	45.627	45.849	45.202	45.527	1195	0	0
2020.08.20	45.568	45.601	44.476	45.293	1976	0	0
2020.08.21	45.299	45.572	44.101	44.711	2355	0	0
2020.08.24	44.993	45.646	44.812	45.395	1267	0	0
2020.08.25	45.565	46.499	45.564	46.326	1110	0	0
2020.08.26	46.359	46.536	46.026	46.125	787	0	0
2020.08.27	46.174	46.347	45.074	45.599	1972	0	0
2020.08.28	45.566	45.938	45.376	45.852	839	0	0
2020.08.31	46.012	46.573	45.268	45.576	2175	0	0
2020.09.01	45.687	46.278	45.540	45.812	1352	0	0
2020.09.02	45.940	46.144	44.121	44.121	2228	0	0
2020.09.03	44.648	44.697	43.282	44.071	2254	0	0
2020.09.04	43.954	44.699	42.434	42.435	3012	0	0
2020.09.07	41.871	42.613	41.868	42.308	1054	0	0
2020.09.08	42.387	42.419	39.531	40.032	3422	0	0
2020.09.09	40.024	41.432	39.621	40.738	2909	0	0
2020.09.10	40.745	41.232	39.977	39.990	1756	0	0
2020.09.11	40.164	40.670	39.692	40.084	1877	0	0
2020.09.14	40.176	40.452	39.658	39.924	1337	0	0
2020.09.15	40.132	41.187	39.793	40.953	1968	0	0
2020.09.16	41.165	42.802	41.005	42.609	2151	0	0
2020.09.17	42.642	43.863	41.902	43.588	2977	0	0
2020.09.18	43.576	44.172	42.934	43.424	2325	0	0
2020.09.21	43.345	43.736	41.403	42.056	3378	0	0
2020.09.22	42.253	42.630	41.606	42.033	1829	0	0
2020.09.23	42.091	43.002	41.631	41.830	2482	0	0
2020.09.24	41.870	42.505	41.697	42.180	1307	0	0
2020.09.25	42.307	42.779	41.988	42.185	1461	0	0
2020.09.28	42.311	43.034	41.954	42.807	1665	0	0
2020.09.29	42.854	42.994	40.868	41.335	2734	0	0
2020.09.30	41.448	42.527	40.870	41.969	2794	0	0
2020.10.01	42.117	42.620	39.994	40.751	3887	0	0
2020.10.02	40.828	40.855	38.900	39.160	2243	0	0
2020.10.05	39.600	41.902	39.572	41.516	2745	0	0
2020.10.06	41.436	42.974	41.372	41.979	2662	0	0
2020.10.07	41.891	42.572	41.513	42.233	1777	0	0
2020.10.08	42.303	43.609	42.032	43.511	1947	0	0
2020.10.09	43.465	43.743	42.800	42.907	1329	0	0
2020.10.12	42.698	42.845	41.597	41.899	1698	0	0
2020.10.13	41.905	42.912	41.905	42.593	1327	0	0
2020.10.14	42.604	43.646	42.370	43.528	1629	0	0
2020.10.15	43.592	43.658	41.801	43.257	3380	0	0
2020.10.16	43.339	43.429	42.489	42.978	1520	0	0
2020.10.19	43.310	43.452	42.623	42.674	1023	0	0
2020.10.20	42.746	43.563	42.480	42.981	1932	0	0
2020.10.21	43.119	43.315	41.729	41.903	1957	0	0
2020.10.22	41.905	43.063	41.749	42.611	1923	0	0
2020.10.23	42.652	43.060	41.788	41.873	1766	0	0
2020.10.26	41.859	41.909	40.561	40.728	1566	0	0
2020.10.27	40.841	41.867	40.787	40.977	2025	0	0
2020.10.28	41.040	41.113	39.253	39.544	2225	0	0
2020.10.29	39.889	39.999	37.298	38.079	3593	0	0
2020.10.30	38.269	38.739	37.461	37.863	2151	0	0
2020.11.02	37.239	39.432	35.825	39.281	5173	0	0
2020.11.03	39.343	40.543	38.758	40.139	2775	0	0
2020.11.04	40.252	41.430	39.518	41.231	2846	0	0
2020.11.05	41.088	41.628	40.448	40.729	2002	0	0
2020.11.06	40.633	40.821	39.470	39.742	1812	0	0
2020.11.09	39.821	43.603	39.610	42.086	5722	0	0
2020.11.10	41.919	44.156	41.859	44.066	2448	0	0
2020.11.11	43.817	45.397	43.734	43.822	3322	0	0
2020.11.12	43.839	44.610	43.371	43.396	2036	0	0
2020.11.13	43.254	43.464	42.708	42.715	974	0	0
2020.11.16	42.925	44.742	42.803	43.993	2811	0	0
2020.11.17	44.050	44.362	43.213	43.822	2071	0	0
2020.11.18	43.763	45.006	43.625	44.196	2330	0	0
2020.11.19	44.073	44.673	43.895	44.248	1382	0	0
2020.11.20	44.232	45.258	44.168	45.093	1320	0	0
2020.11.23	45.196	46.132	44.968	45.696	1829	0	0
2020.11.24	45.916	47.984	45.899	47.681	2406	0	0
2020.11.25	47.691	48.915	47.623	48.712	1564	0	0
2020.11.26	48.610	48.984	47.492	47.664	2039	0	0
2020.11.27	47.858	48.458	47.336	48.408	1695	0	0
2020.11.30	47.900	48.285	47.084	47.611	2114	0	0
2020.12.01	47.761	48.299	46.885	47.192	2260	0	0
2020.12.02	47.048	48.735	46.815	47.896	2993	0	0
2020.12.03	47.922	48.893	47.636	48.668	1769	0	0
2020.12.04	48.889	49.806	48.795	48.996	11224	0	0
2020.12.07	48.969	49.419	48.390	48.595	77863	0	0
2020.12.08	48.599	48.989	48.123	48.763	77944	0	0
2020.12.09	48.761	49.500	48.356	48.953	89284	0	0
2020.12.10	49.032	50.964	48.810	50.278	94767	0	0
2020.12.11	50.430	50.650	49.690	49.882	87581	0	0
2020.12.14	49.933	50.733	49.139	50.260	85608	0	0
2020.12.15	50.253	50.835	49.775	50.670	83334	0	0
2020.12.16	50.584	51.176	50.335	51.042	77239	0	0
2020.12.17	51.108	51.859	51.081	51.507	72398	0	0
2020.12.18	51.482	52.456	51.186	52.254	69237	0	0
2020.12.21	51.423	51.426	49.271	50.841	125679	0	0
2020.12.22	50.631	50.906	49.599	49.836	91300	0	0
2020.12.23	49.658	51.595	49.278	51.141	80734	0	0
2020.12.24	51.107	51.772	50.678	51.359	55597	0	0
2020.12.28	51.211	52.041	50.834	50.907	144486	0	0
2020.12.29	51.098	51.680	50.954	51.257	74153	0	0
2020.12.30	51.386	51.917	50.940	51.445	70815	0	0
2020.12.31	51.486	51.831	50.904	51.700	53969	0	0
2021.01.04	51.682	53.316	50.579	50.738	152350	0	0
2021.01.05	50.880	53.835	50.711	53.492	134780	0	0
2021.01.06	53.621	54.663	53.023	54.080	152496	0	0
2021.01.07	54.105	54.822	53.905	54.371	100053	0	0
2021.01.08	54.483	56.218	54.322	56.203	110334	0	0
2021.01.11	55.785	55.930	54.921	55.538	103681	0	0
2021.01.12	55.635	56.711	55.465	56.599	97748	0	0
2021.01.13	56.820	57.347	55.732	55.955	91216	0	0
2021.01.14	55.879	56.498	55.237	56.410	88813	0	0
2021.01.15	56.407	56.482	54.650	54.797	97329	0	0
2021.01.18	54.960	55.193	54.494	54.671	53412	0	0
2021.01.19	55.011	56.016	54.879	55.771	65726	0	0
2021.01.20	55.937	56.509	55.559	55.569	83526	0	0
2021.01.21	55.741	56.140	55.407	55.857	73924	0	0
2021.01.22	55.829	55.902	54.401	54.932	96590	0	0
2021.01.25	55.240	55.821	54.894	55.733	97204	0	0
2021.01.26	55.675	56.076	55.168	55.723	74601	0	0
2021.01.27	55.780	56.173	54.924	55.218	113718	0	0
2021.01.28	55.126	56.175	54.861	54.866	114906	0	0
2021.01.29	54.992	55.980	54.860	54.945	114303	0	0
2021.02.01	54.918	56.461	54.751	56.254	93548	0	0
2021.02.02	56.319	57.958	56.251	57.670	107914	0	0
2021.02.03	57.720	58.829	57.414	58.524	93165	0	0
2021.02.04	58.380	58.928	57.954	58.893	90197	0	0
2021.02.05	59.035	59.666	58.952	59.422	87047	0	0
2021.02.08	59.680	60.553	59.636	60.531	75025	0	0
2021.02.09	60.667	61.107	59.900	60.999	85676	0	0
2021.02.10	60.911	61.453	60.634	60.863	84048	0	0
2021.02.11	60.803	61.247	60.469	60.545	75242	0	0
2021.02.12	60.480	62.460	60.065	62.304	93424	0	0
2021.02.15	62.791	63.337	62.660	62.870	66447	0	0
2021.02.16	62.969	63.231	62.266	62.975	99246	0	0
2021.02.17	62.640	64.278	62.247	64.161	118884	0	0
2021.02.18	64.353	64.790	62.564	62.919	129879	0	0
2021.02.19	62.582	63.178	61.447	61.932	136333	0	0
2021.02.22	62.818	64.993	62.431	64.836	131583	0	0
2021.02.23	64.488	65.818	63.585	64.124	158974	0	0
2021.02.24	64.195	66.382	63.891	66.370	140070	0	0
2021.02.25	66.361	66.748	65.571	66.048	160015	0	0
2021.02.26	65.796	65.940	64.156	64.333	179688	0	0
2021.03.01	65.386	65.778	63.042	63.168	126550	0	0
2021.03.02	62.995	63.987	62.253	62.356	153185	0	0
2021.03.03	62.295	64.553	62.275	63.694	150673	0	0
2021.03.04	63.963	67.539	63.185	66.821	197680	0	0
2021.03.05	66.883	69.432	66.457	69.403	197377	0	0
2021.03.08	70.598	71.086	67.582	67.724	162976	0	0
2021.03.09	67.836	69.071	66.899	66.983	162939	0	0
2021.03.10	67.066	68.162	66.280	67.896	152468	0	0
2021.03.11	68.073	69.494	67.705	69.237	123824	0	0
2021.03.12	69.096	69.512	68.681	68.816	114854	0	0
2021.03.15	69.160	69.689	67.513	68.479	127034	0	0
2021.03.16	68.488	68.572	67.039	68.136	112963	0	0
2021.03.17	68.108	68.511	66.692	67.555	157607	0	0
2021.03.18	67.572	67.845	61.291	62.594	233421	0	0
2021.03.19	62.800	64.742	61.990	64.317	243639	0	0
2021.03.22	63.859	64.932	63.324	64.218	166503	0	0
2021.03.23	64.223	64.245	60.303	60.419	225400	0	0
2021.03.24	60.587	64.388	60.516	64.044	205133	0	0
2021.03.25	63.784	64.024	60.845	61.584	208349	0	0
2021.03.26	61.846	64.745	61.787	64.283	163907	0	0
2021.03.29	64.336	65.300	62.979	64.940	99117	0	0
2021.03.30	65.292	65.297	63.448	63.943	58104	0	0
2021.03.31	63.991	64.727	62.462	62.892	54582	0	0
2021.04.01	63.112	65.071	62.308	64.572	63575	0	0
2021.04.05	64.543	64.662	61.168	62.123	48896	0	0
2021.04.06	62.232	64.164	61.967	62.572	56784	0	0
2021.04.07	62.518	63.394	61.497	62.959	52457	0	0
2021.04.08	62.874	63.232	62.209	63.104	47796	0	0
2021.04.09	63.030	63.258	62.352	62.825	39453	0	0
2021.04.12	63.071	64.074	62.209	63.022	48525	0	0
2021.04.13	63.057	63.938	62.954	63.754	42441	0	0
2021.04.14	63.764	66.629	63.639	66.007	46443	0	0
2021.04.15	65.999	66.713	65.679	66.524	43239	0	0
2021.04.16	66.504	67.048	66.130	66.380	38813	0	0
2021.04.19	66.065	66.859	65.839	66.670	37373	0	0
2021.04.20	66.746	67.555	65.033	65.780	48105	0	0
2021.04.21	65.765	65.968	64.433	64.478	47022	0	0
2021.04.22	64.534	65.283	64.058	65.022	43667	0	0
2021.04.23	65.143	65.671	64.544	65.388	38095	0	0
2021.04.26	65.205	65.590	63.954	65.135	39624	0	0
2021.04.27	65.176	66.205	65.070	66.007	34641	0	0
2021.04.28	65.963	67.323	65.510	66.497	46431	0	0
2021.04.29	66.652	68.373	66.581	67.825	50480	0	0
2021.04.30	67.783	67.889	66.195	66.545	47832	0	0
2021.05.03	66.814	67.720	66.004	67.458	39691	0	0
2021.05.04	67.597	69.269	67.249	69.181	47546	0	0
2021.05.05	69.223	69.802	68.213	68.473	46080	0	0
2021.05.06	68.358	69.215	67.788	68.121	50364	0	0
2021.05.07	68.115	68.483	67.248	68.098	45211	0	0
2021.05.10	68.759	69.050	67.296	68.170	45880	0	0
2021.05.11	68.245	68.634	67.035	68.549	53864	0	0
2021.05.12	68.663	69.759	68.080	68.952	55262	0	0
2021.05.13	68.763	68.919	66.366	66.871	57522	0	0
2021.05.14	66.885	68.638	66.388	68.593	45008	0	0
2021.05.17	68.640	69.387	68.002	69.335	44463	0	0
2021.05.18	69.305	69.976	67.124	68.422	44732	0	0
2021.05.19	68.244	68.293	65.211	66.483	60220	0	0
2021.05.20	66.489	67.033	64.759	64.811	52219	0	0
2021.05.21	65.125	66.835	64.503	66.665	47315	0	0
2021.05.24	66.385	68.544	66.379	68.385	41352	0	0
2021.05.25	68.402	68.760	67.744	68.445	40475	0	0
2021.05.26	68.366	68.920	67.858	68.669	45116	0	0
2021.05.27	68.598	69.211	67.914	69.181	40363	0	0
2021.05.28	69.370	69.673	68.519	68.943	41079	0	0
2021.05.31	68.855	69.737	68.674	69.190	21710	0	0
2021.06.01	69.268	71.231	69.200	70.464	49103	0	0
2021.06.02	70.375	71.362	70.239	71.206	38504	0	0
2021.06.03	71.108	71.850	70.528	71.260	41801	0	0
2021.06.04	71.081	71.996	70.605	71.492	38655	0	0
2021.06.07	71.775	72.093	70.931	71.332	37792	0	0
2021.06.08	71.227	72.214	70.540	71.940	43344	0	0
2021.06.09	71.962	72.629	71.594	71.785	43403	0	0
2021.06.10	71.741	72.620	70.689	72.012	46618	0	0
2021.06.11	72.054	72.714	71.573	72.295	45069	0	0
2021.06.14	72.388	73.216	72.258	72.812	35055	0	0
2021.06.15	72.651	73.840	72.396	73.769	42741	0	0
2021.06.16	73.713	74.378	73.319	73.323	48019	0	0
2021.06.17	73.200	73.864	71.432	72.478	55976	0	0
2021.06.18	72.265	73.118	71.577	72.623	46761	0	0
2021.06.21	73.004	74.237	72.299	74.154	51559	0	0
2021.06.22	74.064	74.540	73.604	74.383	43677	0	0
2021.06.23	74.087	75.306	74.057	74.725	35752	0	0
2021.06.24	74.611	75.057	73.850	74.868	31939	0	0
2021.06.25	74.779	75.395	74.155	75.300	32012	0	0
2021.06.28	75.433	75.717	73.891	74.007	40857	0	0
2021.06.29	74.062	74.905	73.278	74.559	39113	0	0
2021.06.30	74.519	75.226	73.822	74.542	41724	0	0
2021.07.01	74.481	76.546	74.390	75.365	55396	0	0
2021.07.02	75.401	76.208	75.024	75.852	44332	0	0
2021.07.05	75.888	76.887	75.450	76.758	26895	0	0
2021.07.06	76.754	77.491	73.821	74.523	55443	0	0
2021.07.07	74.362	75.620	72.266	73.077	54993	0	0
2021.07.08	72.998	74.038	71.756	73.982	56964	0	0
2021.07.09	73.958	75.397	73.401	75.178	42163	0	0
2021.07.12	75.244	75.300	73.836	74.834	46030	0	0
2021.07.13	74.861	76.159	74.508	76.015	40423	0	0
2021.07.14	75.756	76.232	73.345	73.989	53703	0	0
2021.07.15	73.913	74.021	72.740	72.787	54372	0	0
2021.07.16	72.752	73.604	71.908	72.612	45251	0	0
2021.07.19	72.392	72.773	67.449	68.280	69157	0	0
2021.07.20	68.586	69.249	67.016	68.340	58100	0	0
2021.07.21	68.489	71.846	68.135	71.641	46533	0	0
2021.07.22	71.649	73.345	71.195	73.076	46103	0	0
2021.07.23	73.007	73.579	72.733	73.575	35766	0	0
2021.07.26	73.678	73.986	72.099	73.967	41174	0	0
2021.07.27	73.832	74.175	73.073	73.752	42955	0	0
2021.07.28	73.735	74.278	73.479	73.793	43844	0	0
2021.07.29	73.767	75.066	73.627	74.852	36056	0	0
2021.07.30	74.637	75.525	74.284	74.936	38621	0	0
2021.08.02	74.882	74.929	72.183	72.949	50976	0	0
2021.08.03	72.938	73.372	70.895	72.099	49958	0	0
2021.08.04	72.167	72.781	69.968	70.026	51002	0	0
2021.08.05	70.189	71.318	69.581	71.093	44564	0	0
2021.08.06	70.997	72.237	70.140	70.150	45198	0	0
2021.08.09	69.315	69.502	67.459	69.008	56299	0	0
2021.08.10	69.047	71.002	68.733	70.569	45912	0	0
2021.08.11	70.620	71.417	68.874	71.398	53483	0	0
2021.08.12	71.279	71.634	70.426	70.920	38779	0	0
2021.08.13	70.821	71.110	69.757	69.896	38479	0	0
2021.08.16	69.870	70.120	67.907	69.404	52053	0	0
2021.08.17	69.463	69.694	68.531	68.570	52170	0	0
2021.08.18	68.732	69.662	66.950	66.959	53243	0	0
2021.08.19	67.146	67.199	65.218	66.245	70678	0	0
2021.08.20	66.390	66.546	64.614	64.683	54408	0	0
2021.08.23	65.172	68.508	65.152	68.213	49625	0	0
2021.08.24	68.320	70.629	68.140	70.543	40690	0	0
2021.08.25	70.447	71.459	69.815	71.011	40500	0	0
2021.08.26	70.837	71.097	69.736	70.494	45570	0	0
2021.08.27	70.436	71.699	70.180	71.611	41331	0	0
2021.08.30	72.322	72.349	70.947	72.026	42636	0	0
2021.08.31	71.969	72.247	71.257	71.471	44496	0	0
2021.09.01	71.531	72.242	70.297	71.129	48059	0	0
2021.09.02	71.069	73.300	70.767	72.574	43017	0	0
2021.09.03	72.583	73.483	72.214	72.331	45224	0	0
2021.09.06	71.759	72.561	71.309	71.857	27152	0	0
2021.09.07	71.964	72.558	70.864	71.328	48972	0	0
2021.09.08	71.383	72.631	71.269	72.364	47797	0	0
2021.09.09	72.204	72.816	70.556	70.859	55992	0	0
2021.09.10	71.029	72.755	70.604	72.540	45015	0	0
2021.09.13	72.982	73.549	72.644	73.329	48945	0	0
2021.09.14	73.276	73.858	72.709	73.476	46738	0	0
2021.09.15	73.523	75.659	73.350	75.054	46933	0	0
2021.09.16	74.860	75.389	74.033	75.147	53814	0	0
2021.09.17	75.137	75.254	74.091	74.728	51546	0	0
2021.09.20	74.984	74.987	72.849	73.551	61859	0	0
2021.09.21	73.569	74.499	72.642	74.068	53359	0	0
2021.09.22	73.945	75.555	73.789	75.219	49527	0	0
2021.09.23	75.141	76.591	74.877	76.498	43159	0	0
2021.09.24	76.481	77.423	76.101	77.204	39844	0	0
2021.09.27	78.067	79.027	77.795	78.640	44992	0	0
2021.09.28	78.541	79.898	77.313	77.321	67570	0	0
2021.09.29	77.535	78.640	76.687	77.824	66197	0	0
2021.09.30	77.811	79.174	76.404	78.349	71316	0	0
2021.10.01	78.629	79.231	77.407	79.025	61570	0	15
2021.10.04	78.929	81.776	78.556	81.058	58056	0	28
2021.10.05	81.239	82.866	80.940	82.500	57025	0	20
2021.10.06	82.407	83.191	80.355	80.568	67214	0	20
2021.10.07	80.631	82.210	78.799	82.149	57987	0	20
2021.10.08	81.986	83.091	81.647	82.195	58685	0	21
2021.10.11	82.313	84.209	82.271	83.251	60965	0	28
2021.10.12	83.158	83.813	82.325	82.894	64162	0	20
2021.10.13	82.700	83.295	81.849	82.982	56747	0	20
2021.10.14	83.163	84.060	82.776	83.762	47795	0	20
2021.10.15	83.904	84.602	83.693	84.258	45944	0	19
2021.10.18	84.888	85.498	83.483	83.550	51313	0	19
2021.10.19	83.693	84.833	83.189	84.522	46353	0	19
2021.10.20	84.589	85.317	83.070	85.313	43723	0	20
2021.10.21	85.379	85.501	82.737	84.159	47740	0	20
2021.10.22	83.928	85.085	83.199	85.032	45317	0	20
2021.10.25	84.727	85.796	84.696	85.135	40765	0	19
2021.10.26	85.231	85.720	84.546	85.462	38433	0	19
2021.10.27	85.314	85.486	83.283	83.309	55442	0	20
2021.10.28	83.207	83.854	81.491	83.841	64168	0	19
2021.10.29	83.539	84.097	82.408	83.500	53740	0	19
2021.11.01	83.109	84.854	82.850	84.254	47801	0	28
2021.11.02	84.257	84.897	83.462	83.843	53909	0	20
2021.11.03	83.575	83.818	80.773	80.913	64202	0	20
2021.11.04	80.989	84.082	79.848	80.752	70697	0	20
2021.11.05	81.115	82.725	79.860	82.093	69285	0	20
2021.11.08	82.981	83.553	82.467	83.165	57896	0	20
2021.11.09	83.015	84.548	82.661	84.527	51672	0	20
2021.11.10	84.610	84.859	81.537	81.889	55793	0	20
2021.11.11	82.165	82.797	81.074	81.960	55962	0	20
2021.11.12	81.898	82.087	80.641	81.401	47180	0	19
2021.11.15	81.405	81.521	80.047	81.445	49601	0	20
2021.11.16	81.244	82.421	80.873	81.698	46308	0	28
2021.11.17	81.405	81.482	79.134	79.422	47616	0	20
2021.11.18	79.201	80.690	78.563	80.361	47265	0	19
2021.11.19	80.257	81.505	77.430	77.784	61030	0	19
2021.11.22	77.848	79.406	77.461	78.754	54258	0	19
2021.11.23	78.890	81.669	77.897	81.383	54332	0	20
2021.11.24	80.977	81.908	80.688	81.022	45509	0	19
2021.11.25	81.168	81.378	80.506	81.125	23261	0	20
2021.11.26	80.188	80.188	70.968	71.699	74238	0	19
2021.11.29	74.339	75.862	72.081	72.922	83181	0	19
2021.11.30	73.934	74.177	67.427	69.968	88879	0	19
2021.12.01	69.615	72.756	68.063	68.824	82616	0	0
2021.12.02	69.561	70.578	65.689	70.422	82157	0	20
2021.12.03	69.826	72.456	69.120	69.868	72353	0	20
2021.12.06	71.287	73.640	70.670	73.583	65988	0	28
2021.12.07	73.189	76.070	73.050	74.997	63159	0	19
2021.12.08	75.227	76.219	74.240	75.985	62735	0	28
2021.12.09	75.855	76.554	73.737	73.921	53329	0	19
2021.12.10	73.739	75.563	73.698	75.217	54830	0	19
2021.12.13	75.481	76.244	74.089	74.285	55598	0	19
2021.12.14	74.421	75.053	72.548	73.156	58801	0	20
2021.12.15	73.247	74.487	72.446	74.312	55140	0	20
2021.12.16	74.622	75.483	73.905	74.450	51627	0	19
2021.12.17	74.539	74.885	72.649	72.831	56302	0	19
2021.12.20	72.117	72.430	69.303	71.976	73627	0	28
2021.12.21	71.683	74.226	71.264	74.118	52102	0	20
2021.12.22	74.199	75.519	73.548	75.519	43744	0	19
2021.12.23	75.289	76.792	74.732	76.680	38252	0	20
2021.12.27	75.794	78.647	75.371	78.525	37673	0	28
2021.12.28	78.289	79.431	78.020	78.837	44330	0	19
2021.12.29	78.856	79.969	78.051	79.204	46004	0	20
2021.12.30	79.144	79.939	78.343	78.876	40345	0	19
2021.12.31	78.504	79.574	77.432	77.736	41305	0	19
2022.01.03	78.250	79.154	76.916	78.887	43652	0	28
2022.01.04	78.993	80.413	78.484	79.911	52072	0	20
2022.01.05	79.978	81.265	79.360	79.860	52061	0	20
2022.01.06	80.119	82.522	79.375	81.811	67185	0	20
2022.01.07	81.918	82.661	81.139	81.329	58005	0	20
2022.01.10	81.123	81.952	80.233	80.630	63634	0	28
2022.01.11	80.796	83.633	80.599	83.235	56639	0	20
2022.01.12	83.523	84.787	83.132	84.399	57276	0	20
2022.01.13	84.462	84.647	83.367	83.553	53724	0	20
2022.01.14	83.818	85.995	83.598	85.973	62064	0	20
2022.01.17	85.885	86.162	85.077	86.161	33980	0	19
2022.01.18	85.975	87.959	85.934	87.943	65632	0	20
2022.01.19	88.013	88.470	87.016	87.051	64216	0	19
2022.01.20	87.130	88.810	86.393	86.594	60869	0	20
2022.01.21	85.719	87.501	85.034	86.972	75865	0	19
2022.01.24	88.045	88.135	84.272	86.263	70019	0	28
2022.01.25	85.768	87.377	85.303	86.870	64445	0	20
2022.01.26	86.979	89.256	86.690	88.681	63355	0	19
2022.01.27	88.400	89.658	87.729	88.762	76186	0	19
2022.01.28	88.428	90.105	88.008	88.855	74835	0	19
2022.01.31	89.517	89.572	87.866	89.172	54748	0	19
2022.02.01	89.384	89.652	87.412	88.972	49357	0	18
2022.02.02	89.106	90.145	87.954	88.923	44391	0	21
2022.02.03	88.701	90.860	87.619	90.656	43768	0	20
2022.02.04	90.732	93.104	90.690	92.297	54692	0	20
2022.02.07	92.493	93.365	91.530	92.376	71450	0	28
2022.02.08	91.993	92.248	89.320	90.524	67083	0	20
2022.02.09	90.293	91.380	89.326	91.000	58331	0	15
2022.02.10	90.920	92.268	90.115	90.638	51544	0	16
2022.02.11	90.271	94.489	89.675	93.929	64016	0	16
2022.02.14	94.705	95.401	92.313	94.562	58327	0	14
2022.02.15	94.275	94.694	90.665	91.531	52261	0	14
2022.02.16	91.589	94.142	89.592	90.247	50743	0	16
2022.02.17	90.746	92.600	90.381	91.243	70685	0	14
2022.02.18	90.617	92.290	88.660	92.192	68685	0	16
2022.02.21	91.886	97.165	90.617	97.155	50747	0	0
2022.02.22	94.553	96.582	93.065	93.479	77248	0	13
2022.02.23	93.553	95.717	92.810	94.305	63506	0	13
2022.02.24	94.895	102.117	93.967	95.703	99500	0	12
2022.02.25	97.277	98.089	92.576	94.242	82405	0	15
2022.02.28	98.192	99.712	96.662	97.492	70425	0	14
2022.03.01	98.006	106.792	97.994	106.628	81648	0	14
2022.03.02	106.392	113.955	106.178	113.573	74797	0	21
2022.03.03	114.261	118.359	108.216	109.132	84903	0	20
2022.03.04	112.150	117.692	108.518	116.925	65946	0	36
2022.03.07	126.011	128.638	117.535	122.314	60526	0	20
2022.03.08	121.910	131.051	119.635	126.973	62286	0	40
2022.03.09	127.351	129.462	103.686	110.751	58446	0	4
2022.03.10	111.489	115.990	107.081	107.274	50765	0	74
2022.03.11	108.896	111.734	104.991	110.300	47267	0	56
2022.03.14	108.638	108.780	101.594	104.118	41663	0	60
2022.03.15	103.387	103.426	95.734	97.138	48551	0	146
2022.03.16	97.519	101.965	95.257	96.250	48145	0	53
2022.03.17	97.089	105.312	96.156	104.819	48743	0	50
2022.03.18	104.758	108.714	103.666	106.161	45820	0	20
2022.03.21	107.877	113.755	107.266	113.727	44674	0	53
2022.03.22	114.148	118.299	109.893	111.428	58431	0	13
2022.03.23	111.527	118.710	111.236	117.755	65873	0	49
2022.03.24	118.217	120.047	113.693	114.778	74683	0	48
2022.03.25	115.127	117.695	111.961	116.092	69708	0	48
2022.03.28	113.696	114.750	106.010	106.600	62627	0	95
2022.03.29	107.161	111.561	102.047	108.641	66089	0	93
2022.03.30	108.868	111.935	107.576	110.276	59296	0	54
2022.03.31	109.966	110.240	103.728	104.823	77290	0	43
2022.04.01	104.266	105.700	101.960	103.923	63807	0	0
2022.04.04	103.087	108.097	102.748	107.646	53790	0	35
2022.04.05	109.184	109.370	104.088	104.998	55952	0	52
2022.04.06	104.967	108.080	100.241	101.264	67014	0	28
2022.04.07	101.138	103.171	98.240	101.114	66323	0	40
2022.04.08	101.089	102.962	99.307	102.067	59535	0	49
2022.04.11	100.742	101.354	97.363	98.767	58657	0	50
2022.04.12	98.890	105.190	98.888	104.744	61845	0	42
2022.04.13	105.028	108.547	103.694	108.288	58221	0	50
2022.04.14	107.586	111.706	106.158	110.899	58467	0	53
2022.04.18	112.249	113.950	109.942	111.667	46963	0	51
2022.04.19	111.790	113.173	106.308	106.888	64775	0	20
2022.04.20	107.700	108.538	104.376	106.715	67710	0	23
2022.04.21	107.086	109.403	106.394	108.291	65711	0	25
2022.04.22	108.261	108.430	105.074	105.445	61086	0	25
2022.04.25	104.818	104.832	99.254	102.025	69309	0	26
2022.04.26	102.396	105.754	100.890	104.714	61815	0	47
2022.04.27	105.381	105.885	102.949	104.687	57939	0	24
2022.04.28	104.408	107.515	102.770	107.031	61786	0	19
2022.04.29	106.720	109.716	105.944	106.335	65911	0	26
2022.05.02	106.417	108.076	102.834	107.162	54535	0	16
2022.05.03	107.447	107.954	104.324	105.564	49044	0	14
2022.05.04	105.549	110.542	105.084	109.525	53887	0	22
2022.05.05	110.009	113.406	108.698	110.463	68147	0	20
2022.05.06	110.277	112.842	109.238	112.355	72142	0	22
2022.05.09	110.928	112.545	104.429	104.444	78623	0	22
2022.05.10	104.747	106.195	101.159	101.352	87730	0	26
2022.05.11	101.047	107.554	100.779	106.675	81430	0	21
2022.05.12	106.692	107.854	103.999	107.119	82242	0	26
2022.05.13	107.346	110.581	106.905	110.075	68535	0	26
2022.05.16	111.114	113.378	107.921	112.597	74313	0	24
2022.05.17	112.449	114.120	109.709	110.894	74781	0	24
2022.05.18	111.812	112.484	106.783	107.611	73114	0	24
2022.05.19	106.777	110.554	104.251	109.530	85767	0	20
2022.05.20	109.781	111.149	108.678	110.538	72044	0	27
2022.05.23	110.295	111.915	109.658	111.180	64488	0	26
2022.05.24	112.527	113.167	109.300	111.119	65085	0	0
2022.05.25	111.199	112.476	110.297	111.534	59682	0	31
2022.05.26	111.566	114.747	110.852	114.359	50720	0	24
2022.05.27	113.987	115.644	113.033	115.406	61755	0	28
2022.05.30	115.816	117.572	115.633	117.507	36558	0	33
2022.05.31	117.731	120.319	114.723	115.860	71129	0	35
2022.06.01	115.837	117.978	114.823	115.258	68241	0	36
2022.06.02	113.133	117.764	111.889	117.437	55256	0	52
2022.06.03	117.175	120.611	115.292	120.604	39574	0	104
2022.06.06	120.421	120.507	117.919	119.266	47542	0	55
2022.06.07	118.600	120.442	117.680	119.745	66199	0	36
2022.06.08	119.618	123.274	119.428	122.780	64305	0	26
2022.06.09	122.422	123.097	121.265	121.457	63530	0	35
2022.06.10	121.530	122.746	118.332	120.092	69186	0	36
2022.06.13	118.475	121.796	117.248	120.380	77494	0	34
2022.06.14	119.825	123.049	116.990	118.854	80751	0	33
2022.06.15	118.642	119.651	115.793	116.841	78506	0	36
2022.06.16	117.690	118.301	113.744	116.982	81428	0	35
2022.06.17	116.675	118.947	109.801	111.307	81728	0	28
2022.06.20	111.265	112.313	109.586	112.220	57270	0	33
2022.06.21	112.539	113.864	111.698	112.412	69158	0	34
2022.06.22	111.584	111.659	104.700	106.898	85614	0	29
2022.06.23	106.904	109.559	105.274	106.449	82317	0	34
2022.06.24	106.913	110.283	105.806	108.656	73345	0	35
2022.06.27	107.764	111.870	107.117	111.130	69786	0	25
2022.06.28	111.423	113.928	111.309	113.714	72339	0	0
2022.06.29	113.632	115.885	111.414	111.643	76656	0	0
2022.06.30	111.814	112.770	107.723	108.485	75208	0	21
2022.07.01	108.963	111.683	107.341	110.598	75288	0	0
2022.07.04	110.123	113.004	109.478	112.598	42443	0	35
2022.07.05	112.080	113.561	100.017	101.776	77831	0	0
2022.07.06	103.874	104.425	97.303	98.694	85811	0	51
2022.07.07	98.297	104.867	97.130	102.788	79136	0	13
2022.07.08	102.554	105.897	102.188	105.388	81977	0	26
2022.07.11	105.077	105.955	102.008	104.554	77787	0	36
2022.07.12	104.480	104.703	97.140	97.234	77462	0	21
2022.07.13	96.640	99.248	96.281	97.881	87616	0	34
2022.07.14	97.302	98.281	92.453	97.261	76449	0	38
2022.07.15	97.428	99.898	95.597	97.961	72621	0	38
2022.07.18	97.690	103.267	96.586	102.438	74949	0	20
2022.07.19	102.073	104.199	100.321	103.701	73383	0	32
2022.07.20	103.259	103.795	101.581	102.872	74867	0	34
2022.07.21	102.682	102.872	97.904	100.173	80791	0	34
2022.07.22	99.760	101.448	97.913	98.786	78572	0	29
2022.07.25	99.032	100.619	96.952	100.023	75622	0	26
2022.07.26	99.581	102.368	99.040	99.442	66114	0	23
2022.07.27	99.597	102.712	98.720	102.297	63692	0	26
2022.07.28	101.902	103.957	100.761	102.121	61854	0	39
2022.07.29	102.199	106.121	101.289	103.288	55499	0	39
2022.08.01	102.676	103.912	98.669	99.595	68144	0	23
2022.08.02	99.304	101.941	98.048	99.152	73363	0	35
2022.08.03	98.881	101.908	96.070	96.643	69720	0	20
2022.08.04	96.899	97.181	92.771	92.852	66374	0	25
2022.08.05	93.132	95.761	92.177	93.756	64464	0	27
2022.08.08	93.379	96.140	92.419	95.453	62724	0	30
2022.08.09	95.708	97.671	94.235	95.649	58464	0	31
2022.08.10	95.522	97.318	93.055	96.526	62009	0	32
2022.08.11	96.226	99.484	96.111	98.658	58696	0	35
2022.08.12	98.516	99.569	96.294	97.197	58988	0	34
2022.08.15	96.866	97.266	92.192	93.265	59758	0	29
2022.08.16	93.691	95.395	91.278	92.251	61426	0	31
2022.08.17	92.329	94.003	91.105	92.756	61016	0	34
2022.08.18	92.816	96.739	92.571	95.763	53683	0	30
2022.08.19	95.928	97.246	93.733	95.124	55664	0	20
2022.08.22	95.031	96.738	92.044	96.078	64473	0	25
2022.08.23	96.146	99.514	95.860	99.417	57373	0	34
2022.08.24	98.968	100.885	98.324	100.833	61920	0	32
2022.08.25	100.795	101.554	98.250	98.867	56783	0	35
2022.08.26	99.098	100.086	96.937	98.808	59935	0	31
2022.08.29	98.846	103.083	98.644	102.546	60065	0	37
2022.08.30	102.560	103.271	96.486	98.319	73509	0	20
2022.08.31	98.328	98.769	94.234	94.635	74110	0	27
2022.09.01	94.952	95.388	91.609	91.714	72518	0	34
2022.09.02	92.727	95.001	92.509	92.778	69440	0	30
2022.09.05	94.177	96.570	93.851	95.001	42665	0	36
2022.09.06	94.402	95.494	91.990	92.404	67957	0	28
2022.09.07	92.375	93.410	87.215	87.258	72143	0	27
2022.09.08	87.643	89.439	86.880	87.937	70775	0	24
2022.09.09	88.167	92.573	88.149	91.616	58647	0	23
2022.09.12	91.666	94.530	90.661	93.642	56526	0	20
2022.09.13	93.468	94.865	90.582	92.826	74067	0	20
2022.09.14	92.892	95.107	91.402	93.890	77057	0	20
2022.09.15	93.837	93.974	89.416	90.063	70953	0	20
2022.09.16	89.901	91.708	89.393	90.534	70966	0	20
2022.09.19	91.027	91.538	87.553	90.757	59852	0	20
2022.09.20	91.174	91.891	88.834	89.970	67975	0	20
2022.09.21	89.784	92.436	88.488	88.954	74386	0	20
2022.09.22	88.935	91.866	88.402	89.590	73968	0	20
2022.09.23	89.735	89.951	84.634	85.749	73041	0	20
2022.09.26	86.159	86.489	82.529	82.716	85188	0	20
2022.09.27	82.892	85.841	82.791	84.387	73256	0	20
2022.09.28	84.790	88.108	82.856	87.842	83394	0	20
2022.09.29	87.482	88.533	86.006	87.200	80888	0	20
2022.09.30	87.134	88.357	84.766	85.016	76186	0	20
2022.10.03	87.375	89.453	86.778	88.245	64256	0	20
2022.10.04	88.429	91.886	88.344	91.045	59058	0	20
2022.10.05	91.326	93.394	90.342	93.166	60553	0	20
2022.10.06	93.035	94.373	92.115	94.339	58907	0	20
2022.10.07	93.909	97.786	93.274	97.786	65612	0	20
2022.10.10	96.953	97.829	94.816	94.837	92033	0	20
2022.10.11	94.833	95.592	92.263	92.680	113540	0	20
2022.10.12	92.836	94.178	90.717	91.492	110438	0	20
2022.10.13	91.553	93.903	90.202	93.795	108803	0	20
2022.10.14	93.467	94.069	90.355	90.743	108540	0	20
2022.10.17	91.543	92.248	89.935	90.825	92393	0	20
2022.10.18	90.965	91.610	87.878	89.557	100611	0	20
2022.10.19	89.706	91.385	88.270	91.182	98051	0	20
2022.10.20	90.535	93.054	90.364	91.032	104594	0	20
2022.10.21	90.663	92.002	89.423	91.599	103329	0	20
2022.10.24	91.742	92.465	89.229	91.642	98465	0	20
2022.10.25	91.440	92.559	89.830	91.198	78863	0	20
2022.10.26	90.997	94.199	90.386	94.100	79768	0	20
2022.10.27	93.795	95.198	93.089	94.502	88080	0	20
2022.10.28	94.402	94.715	92.845	93.993	88315	0	20
2022.10.31	93.960	94.064	91.207	92.302	88888	0	20
2022.11.01	92.048	95.195	91.993	94.216	92221	0	20
2022.11.02	94.315	96.054	93.598	95.280	96354	0	20
2022.11.03	94.781	95.469	93.725	93.935	85718	0	20
2022.11.04	94.061	98.254	93.782	97.947	107102	0	20
2022.11.07	96.920	98.930	96.528	97.421	91839	0	20
2022.11.08	97.406	97.563	94.418	94.442	91566	0	20
2022.11.09	94.904	94.995	91.668	91.683	101753	0	20
2022.11.10	91.547	93.514	90.995	92.521	96260	0	20
2022.11.11	92.949	95.996	92.819	95.010	95208	0	20
2022.11.14	97.314	97.684	93.259	93.264	51513	0	20
2022.11.15	93.536	96.431	92.251	94.426	60265	0	20
2022.11.16	94.373	95.413	92.323	93.258	53722	0	20
2022.11.17	92.905	93.470	90.110	90.590	53388	0	20
2022.11.18	90.797	91.147	86.322	88.402	58056	0	20
2022.11.21	87.593	88.098	82.698	87.958	63154	0	20
2022.11.22	87.825	90.175	87.635	88.690	47640	0	20
2022.11.23	88.917	89.782	84.342	84.947	53419	0	20
2022.11.24	85.209	85.689	84.074	85.014	21653	0	20
2022.11.25	85.496	87.031	85.156	85.166	23239	0	20
2022.11.28	83.185	84.775	80.945	83.375	57140	0	20
2022.11.29	83.745	86.820	83.620	85.051	59371	0	20
2022.11.30	85.140	87.520	84.585	86.865	45858	0	20
2022.12.01	86.940	89.485	86.380	87.190	47910	0	20
2022.12.02	86.750	88.035	85.330	86.005	46156	0	20
2022.12.05	87.509	88.529	82.639	83.139	53286	0	20
2022.12.06	83.429	83.769	78.799	79.804	51046	0	20
2022.12.07	79.724	80.569	77.029	77.479	58351	0	20
2022.12.08	77.603	79.248	75.833	76.518	56261	0	20
2022.12.09	76.808	77.558	75.198	76.723	52318	0	20
2022.12.12	76.823	78.643	75.318	78.203	47214	0	20
2022.12.13	78.247	81.332	78.242	80.562	55356	0	20
2022.12.14	80.392	83.197	80.167	82.907	53291	0	20
2022.12.15	82.702	83.232	80.892	81.557	53124	0	20
2022.12.16	81.517	81.822	78.337	79.232	54540	0	20
2022.12.19	79.851	80.891	78.636	80.226	48437	0	20
2022.12.20	80.326	80.906	78.301	79.826	56067	0	20
2022.12.21	80.061	82.541	79.571	82.336	39830	0	20
2022.12.22	82.426	83.861	81.001	81.931	39167	0	20
2022.12.23	81.886	84.341	81.511	84.146	38134	0	20
2022.12.27	84.690	85.790	83.890	84.655	36316	0	20
2022.12.28	84.680	84.855	82.225	83.480	43466	0	20
2022.12.29	83.250	83.545	81.575	83.435	40957	0	20
2022.12.30	83.574	85.719	82.614	85.599	37301	0	20
2023.01.03	85.429	86.759	81.554	82.104	56751	0	20
2023.01.04	82.319	82.454	77.504	77.899	56230	0	20
2023.01.05	78.118	79.753	77.398	78.628	53413	0	20
2023.01.06	78.933	80.383	77.853	78.333	52093	0	20
2023.01.09	79.118	81.193	78.808	79.593	46726	0	20
2023.01.10	79.218	80.728	78.648	79.453	45410	0	20
2023.01.11	79.552	82.817	79.157	82.752	48401	0	20
2023.01.12	82.792	84.467	82.227	83.722	48438	0	20
2023.01.13	83.762	85.357	83.367	85.327	42415	0	20
2023.01.16	84.732	85.072	83.762	84.087	23303	0	20
2023.01.17	84.026	86.726	83.936	86.456	43251	0	20
2023.01.18	86.301	87.756	84.286	84.401	47774	0	20
2023.01.19	84.221	86.766	83.691	86.211	50820	0	20
2023.01.20	86.456	87.716	85.521	87.621	43671	0	20
2023.01.23	87.385	89.045	86.895	88.040	43308	0	20
2023.01.24	88.105	88.681	85.840	86.370	43765	0	20
2023.01.25	86.442	86.997	85.447	86.262	39950	0	20
2023.01.26	86.369	87.929	85.734	87.454	41083	0	20
2023.01.27	87.441	88.570	85.470	85.990	45013	0	20
2023.01.30	86.780	86.985	84.205	84.350	50091	0	20
2023.01.31	84.642	85.737	83.122	85.482	42829	0	20
2023.02.01	85.679	86.159	82.339	82.954	48713	0	20
2023.02.02	83.510	83.570	81.210	82.125	52398	0	20
2023.02.03	82.367	84.152	79.597	79.677	53631	0	20
2023.02.06	79.782	81.382	79.072	81.302	52285	0	20
2023.02.07	81.359	84.009	81.279	83.944	52948	0	20
2023.02.08	83.855	85.110	83.496	85.060	48083	0	20
2023.02.09	84.862	85.462	83.042	84.187	44458	0	20
2023.02.10	84.208	86.863	83.903	86.473	49520	0	20
2023.02.13	85.888	86.903	85.078	85.843	41558	0	20
2023.02.14	85.895	86.401	84.110	85.430	50111	0	20
2023.02.15	85.232	85.822	83.882	85.207	45912	0	20
2023.02.16	85.279	86.183	84.603	84.613	45402	0	20
2023.02.17	84.640	84.851	81.785	83.020	55012	0	20
2023.02.20	82.780	84.285	82.730	83.975	25632	0	20
2023.02.21	83.862	84.182	82.542	82.807	49866	0	20
2023.02.22	82.779	83.244	80.498	80.508	45781	0	20
2023.02.23	80.662	82.637	80.627	82.537	47158	0	20
2023.02.24	82.726	83.261	80.936	83.151	51455	0	20
2023.02.27	83.024	83.409	81.568	82.183	46318	0	20
2023.02.28	82.072	84.147	82.022	83.297	41490	0	20
2023.03.01	83.217	84.646	82.767	84.531	46591	0	20
2023.03.02	84.285	85.240	83.985	84.570	41032	0	20
2023.03.03	84.680	86.125	82.510	86.125	40227	0	20
2023.03.06	85.672	86.467	84.467	86.412	36464	0	20
2023.03.07	86.356	86.861	82.951	82.986	43193	0	20
2023.03.08	83.415	83.705	82.175	82.630	45333	0	20
2023.03.09	82.779	84.099	81.529	81.644	39231	0	20
2023.03.10	81.618	83.193	80.833	82.793	55241	0	20
2023.03.13	83.290	83.410	78.430	80.615	71559	0	20
2023.03.14	80.529	80.989	76.959	77.579	58425	0	20
2023.03.15	77.918	78.793	71.743	74.508	71515	0	20
2023.03.16	74.767	75.602	71.927	74.672	72475	0	20
2023.03.17	74.826	75.966	71.466	72.446	68194	0	20
2023.03.20	73.303	73.903	70.168	73.823	69879	0	20
2023.03.21	73.542	75.427	72.852	75.302	52810	0	20
2023.03.22	75.106	77.131	74.556	75.811	50287	0	20
2023.03.23	75.990	77.455	75.160	75.480	53989	0	20
2023.03.24	75.484	76.324	72.699	75.019	63605	0	20
2023.03.27	75.342	78.392	74.802	78.117	48358	0	20
2023.03.28	78.078	79.068	77.473	78.793	43030	0	20
2023.03.29	78.924	79.364	77.674	77.769	40119	0	20
2023.03.30	77.885	79.200	77.535	78.935	39227	0	20
2023.03.31	78.821	80.266	78.191	80.216	38072	0	20
2023.04.03	85.189	85.654	83.804	85.269	49662	0	20
2023.04.04	85.230	86.310	84.140	85.595	46697	0	20
2023.04.05	85.591	85.816	84.291	85.041	38117	0	20
2023.04.06	85.132	85.702	84.317	85.147	42068	0	20
2023.04.10	85.550	85.721	84.290	84.480	34477	0	20
2023.04.11	84.392	85.861	83.941	85.746	37197	0	20
2023.04.12	85.753	87.658	85.572	87.467	38043	0	20
2023.04.13	87.323	87.624	86.213	86.473	36481	0	20
2023.04.14	86.284	87.009	85.684	86.634	42231	0	20
2023.04.17	86.607	86.622	84.477	84.922	37223	0	20
2023.04.18	84.848	85.499	83.903	84.868	38702	0	20
2023.04.19	84.970	85.224	82.479	82.919	43823	0	20
2023.04.20	82.850	82.970	80.835	80.850	42545	0	20
2023.04.21	80.896	82.086	80.496	81.797	35097	0	20
2023.04.24	81.484	82.974	80.484	82.599	33397	0	20
2023.04.25	82.614	83.048	80.398	80.763	40065	0	20
2023.04.26	80.958	81.523	77.673	77.958	44842	0	20
2023.04.27	77.972	78.707	77.522	78.517	43622	0	20
2023.04.28	78.437	80.672	77.662	80.427	39748	0	20
2023.05.01	79.910	80.005	78.265	79.530	34472	0	20
2023.05.02	79.450	79.920	75.210	75.405	40808	0	20
2023.05.03	75.449	75.664	71.834	72.044	52671	0	20
2023.05.04	71.748	73.848	71.638	72.723	58706	0	20
2023.05.05	72.703	75.863	72.533	75.388	41237	0	20
2023.05.08	75.402	77.526	75.051	76.701	34900	0	20
2023.05.09	76.801	77.591	75.176	77.356	39476	0	20
2023.05.10	77.310	77.685	75.780	76.710	45611	0	20
2023.05.11	76.760	77.500	74.710	75.580	48496	0	20
2023.05.12	75.454	75.924	74.114	74.239	48357	0	20
2023.05.15	74.252	75.807	73.557	75.542	38912	0	20
2023.05.16	75.547	76.002	74.562	74.657	38647	0	20
2023.05.17	74.652	77.356	74.156	76.846	41340	0	20
2023.05.18	76.811	77.016	75.551	76.011	36482	0	20
2023.05.19	76.050	77.535	75.165	75.861	45037	0	20
2023.05.22	75.713	76.488	74.588	76.068	42132	0	20
2023.05.23	76.163	77.693	75.668	77.658	36460	0	20
2023.05.24	77.712	78.667	77.047	78.272	40681	0	20
2023.05.25	78.382	78.502	75.162	76.107	42874	0	20
2023.05.26	76.034	77.394	75.739	77.299	38247	0	20
2023.05.29	77.546	77.896	76.236	77.191	17275	0	20
2023.05.30	77.093	77.648	73.383	73.848	45212	0	20
2023.05.31	73.990	74.010	71.570	72.265	48371	0	20
2023.06.01	72.397	75.307	72.097	74.432	44114	0	20
2023.06.02	74.309	76.554	74.239	76.319	40778	0	20
2023.06.05	77.736	78.281	76.366	76.486	45720	0	20
2023.06.06	76.558	76.793	74.773	76.103	41131	0	20
2023.06.07	76.286	77.661	75.561	76.881	38136	0	20
2023.06.08	76.768	77.718	73.623	75.603	47977	0	20
2023.06.09	75.500	76.595	74.760	75.035	42472	0	20
2023.06.12	74.472	74.567	71.617	71.912	43781	0	20
2023.06.13	72.249	74.684	71.974	74.209	42733	0	20
2023.06.14	74.071	75.521	73.061	73.626	45291	0	20
2023.06.15	73.393	75.988	72.943	75.673	41418	0	20
2023.06.16	75.561	76.756	75.116	76.321	39080	0	20
2023.06.19	75.972	76.942	75.357	76.122	22929	0	20
2023.06.20	76.169	77.144	74.529	75.539	42977	0	20
2023.06.21	75.657	77.242	75.532	76.982	38912	0	20
2023.06.22	77.004	77.199	73.594	74.119	38695	0	20
2023.06.23	74.151	74.381	72.121	74.321	33308	0	20
2023.06.26	74.568	74.828	73.423	74.388	38494	0	20
2023.06.27	74.273	74.923	72.178	72.583	46544	0	20
2023.06.28	72.588	74.273	71.703	73.638	45595	0	20
2023.06.29	73.763	74.998	73.438	74.318	42273	0	20
2023.06.30	74.263	75.683	74.138	74.968	38789	0	20
2023.07.03	75.058	76.458	74.438	74.813	39557	0	20
2023.07.04	74.709	76.163	74.624	75.993	21853	0	20
2023.07.05	75.833	76.828	75.188	76.528	36022	0	20
2023.07.06	76.574	76.974	74.924	76.474	40416	0	20
2023.07.07	76.384	78.434	75.924	78.204	32690	0	20
2023.07.10	78.029	78.674	77.309	77.794	32573	0	20
2023.07.11	77.669	79.409	77.549	79.254	28473	0	20
2023.07.12	79.264	80.474	79.134	80.179	33007	0	20
2023.07.13	80.094	81.664	79.809	81.564	32958	0	20
2023.07.14	81.515	81.619	79.494	79.629	35687	0	20
2023.07.17	79.274	80.564	78.199	78.379	39655	0	20
2023.07.18	78.509	79.945	78.149	79.710	30160	0	20
2023.07.19	79.734	80.879	79.129	79.444	35129	0	20
2023.07.20	79.255	80.195	78.630	79.690	34496	0	20
2023.07.21	79.675	81.200	79.620	80.765	31663	0	20
2023.07.24	80.575	83.135	80.395	82.860	37947	0	20
2023.07.25	82.795	83.745	82.205	83.265	31605	0	20
2023.07.26	83.141	83.691	82.486	82.911	35116	0	20
2023.07.27	82.968	84.353	82.868	83.713	36136	0	20
2023.07.28	83.445	84.749	83.109	84.669	35283	0	20
2023.07.31	84.464	85.804	84.134	85.689	30139	0	20
2023.08.01	85.455	85.995	84.485	85.965	32851	0	20
2023.08.02	85.972	86.197	82.952	83.652	39927	0	20
2023.08.03	83.718	85.614	82.558	85.488	43597	0	20
2023.08.04	85.485	86.840	85.265	86.295	33373	0	20
2023.08.07	86.615	86.844	85.219	86.024	34004	0	20
2023.08.08	85.876	86.496	83.486	86.321	38346	0	20
2023.08.09	86.122	87.792	86.067	87.572	39724	0	20
2023.08.10	87.474	88.233	86.343	86.518	42085	0	20
2023.08.11	86.560	87.470	85.980	86.715	38844	0	20
2023.08.14	86.599	86.794	85.619	86.344	41546	0	20
2023.08.15	86.216	86.771	84.406	85.041	40826	0	20
2023.08.16	85.052	85.452	83.087	83.432	40784	0	20
2023.08.17	83.279	84.959	83.139	83.924	33355	0	20
2023.08.18	83.766	85.140	83.405	84.845	39934	0	20
2023.08.21	84.795	85.885	84.365	84.575	35022	0	20
2023.08.22	84.496	84.696	83.891	83.981	33861	0	20
2023.08.23	83.903	84.283	82.003	82.943	34066	0	20
2023.08.24	82.919	83.640	81.989	83.174	38517	0	20
2023.08.25	83.176	84.926	82.756	84.671	39203	0	20
2023.08.28	84.694	85.174	84.044	84.329	31938	0	20
2023.08.29	84.322	85.532	83.757	85.477	29910	0	20
2023.08.30	85.505	86.120	85.045	85.745	30381	0	20
2023.08.31	85.718	87.312	85.522	87.222	30765	0	20
2023.09.01	87.196	89.285	87.160	89.280	32623	0	20
2023.09.04	89.099	89.584	88.654	89.369	17623	0	20
2023.09.05	89.287	91.496	88.416	90.371	37924	0	20
2023.09.06	90.505	91.430	89.589	91.004	34759	0	20
2023.09.07	91.017	91.212	89.782	90.062	34022	0	20
2023.09.08	90.060	91.315	89.595	90.695	32314	0	20
2023.09.11	90.588	91.693	90.359	90.843	36309	0	20
2023.09.12	90.796	92.626	90.756	92.256	29061	0	20
2023.09.13	92.319	93.049	91.844	92.404	31973	0	20
2023.09.14	92.281	94.386	92.281	94.386	33324	0	20
2023.09.15	94.204	94.799	92.854	94.444	37064	0	20
2023.09.18	94.138	95.078	93.923	94.828	32877	0	20
2023.09.19	94.825	96.055	94.285	94.810	39633	0	20
2023.09.20	94.609	94.808	92.858	93.273	45513	0	20
2023.09.21	93.161	94.671	92.282	93.346	43742	0	20
2023.09.22	93.389	94.694	92.869	93.599	35432	0	20
2023.09.25	93.687	94.252	92.557	93.357	33345	0	20
2023.09.26	93.205	94.061	91.795	93.886	34413	0	20
2023.09.27	93.925	96.114	93.894	95.584	41026	0	20
2023.09.28	95.828	96.613	94.038	94.393	45370	0	20
2023.09.29	94.218	95.338	93.193	93.443	41346	0	20
2023.10.02	93.605	94.425	91.445	91.550	38209	0	20
2023.10.03	91.425	92.599	90.595	92.044	43737	0	20
2023.10.04	91.938	92.198	86.753	87.008	43903	0	20
2023.10.05	86.913	87.448	84.620	85.049	43101	0	20
2023.10.06	85.382	85.842	84.357	85.297	48482	0	20
2023.10.09	88.329	89.764	87.194	88.929	59023	0	20
2023.10.10	88.813	89.203	87.628	88.383	54827	0	20
2023.10.11	88.437	88.918	85.902	86.328	57321	0	20
2023.10.12	86.142	88.267	85.822	87.012	53020	0	20
2023.10.13	86.986	91.571	86.861	91.546	45318	0	20
2023.10.16	91.178	91.833	89.953	90.518	45876	0	20
2023.10.17	90.312	91.282	89.287	91.272	47565	0	20
2023.10.18	91.707	93.352	90.977	91.707	52077	0	20
2023.10.19	91.571	93.791	89.886	93.626	47010	0	20
2023.10.20	93.545	94.040	91.945	92.530	51491	0	20
2023.10.23	91.968	92.572	89.743	90.603	51330	0	20
2023.10.24	90.597	90.752	87.437	88.222	51238	0	20
2023.10.25	88.216	90.386	86.711	90.096	56156	0	20
2023.10.26	89.980	90.390	87.665	88.510	56168	0	20
2023.10.27	88.549	90.655	88.045	89.955	56491	0	20
2023.10.30	89.546	89.891	86.936	87.746	52356	0	20
2023.10.31	87.770	88.470	85.855	86.460	48209	0	20
2023.11.01	86.423	88.268	85.629	86.029	43919	0	20
2023.11.02	86.022	88.057	85.652	87.847	43447	0	20
2023.11.03	87.911	88.756	85.541	86.051	49729	0	20
2023.11.06	85.997	87.308	85.957	86.062	40881	0	20
2023.11.07	85.726	85.821	82.241	82.327	41941	0	20
2023.11.08	82.300	82.750	80.005	80.620	48741	0	20
2023.11.09	80.568	82.198	80.193	80.624	43103	0	20
2023.11.10	80.662	82.782	80.557	82.313	37203	0	20
2023.11.13	81.483	83.439	81.023	83.319	34706	0	20
2023.11.14	83.352	84.548	82.637	83.017	37558	0	20
2023.11.15	82.976	83.567	81.336	81.566	41586	0	20
2023.11.16	81.255	81.665	77.105	77.980	41107	0	20
2023.11.17	77.819	81.269	77.744	81.014	38695	0	20
2023.11.20	80.895	83.285	80.835	82.425	33435	0	20
2023.11.21	82.509	82.854	81.744	82.734	38853	0	20
2023.11.22	82.842	82.933	78.697	81.917	54347	0	20
2023.11.23	81.416	81.846	80.431	81.541	25096	0	20
2023.11.24	81.695	82.405	80.330	80.380	26275	0	20
2023.11.27	80.811	81.457	79.412	80.362	45694	0	20
2023.11.28	80.434	82.289	80.034	81.719	36382	0	20
2023.11.29	82.215	83.306	81.035	82.980	44409	0	20
2023.11.30	82.827	84.907	80.327	80.802	64318	0	20
2023.12.01	81.023	81.828	79.058	79.478	54502	0	20
2023.12.04	79.483	79.813	77.803	78.523	52659	0	20
2023.12.05	78.440	79.355	77.295	77.295	49198	0	20
2023.12.06	77.446	77.901	74.376	74.426	46412	0	20
2023.12.07	74.813	75.728	73.863	74.578	44783	0	20
2023.12.08	74.849	76.609	74.449	76.164	45984	0	20
2023.12.11	76.384	76.705	75.239	76.269	36152	0	20
2023.12.12	76.206	76.856	73.076	73.681	36814	0	20
2023.12.13	73.192	74.833	72.507	74.812	43107	0	20
2023.12.14	74.934	77.539	74.644	76.834	32756	0	20
2023.12.15	76.774	77.299	75.389	76.959	43350	0	20
2023.12.18	77.164	79.554	75.819	78.134	43649	0	20
2023.12.19	78.256	79.661	77.486	79.336	36479	0	20
2023.12.20	79.243	80.498	79.013	79.053	36475	0	20
2023.12.21	78.955	79.900	77.710	79.105	48542	0	20
2023.12.22	79.147	80.002	78.552	78.808	41136	0	20
2023.12.26	78.961	81.361	78.306	80.466	36737	0	20
2023.12.27	80.513	80.933	79.163	79.198	41726	0	20
2023.12.28	79.651	79.786	77.016	77.341	41780	0	20
2023.12.29	77.323	77.898	76.683	76.993	36458	0	20
2024.01.02	78.132	78.997	75.537	75.972	53958	0	20
2024.01.03	76.059	78.600	74.729	78.424	47787	0	20
2024.01.04	78.351	79.341	76.451	77.556	49351	0	20
2024.01.05	77.779	79.184	77.604	78.774	45388	0	20
2024.01.08	78.515	78.641	75.210	76.210	43717	0	20
2024.01.09	76.138	78.133	75.903	77.543	42996	0	20
2024.01.10	77.705	78.680	76.345	76.710	44713	0	20
2024.01.11	76.992	79.047	76.747	78.157	50958	0	20
2024.01.12	78.829	80.709	77.924	78.329	53377	0	20
2024.01.15	78.231	78.601	76.816	78.156	30813	0	20
2024.01.16	78.148	79.358	77.578	77.743	52552	0	20
2024.01.17	77.810	78.150	76.480	78.045	44567	0	20
2024.01.18	78.168	79.263	77.333	78.968	42196	0	20
2024.01.19	79.045	79.700	78.295	78.650	38376	0	20
2024.01.22	78.097	80.522	77.792	79.872	38584	0	20
2024.01.23	80.014	80.414	78.684	79.679	39776	0	20
2024.01.24	79.591	80.701	79.046	80.231	44857	0	20
2024.01.25	80.333	82.478	80.043	82.178	37902	0	20
2024.01.26	82.075	83.590	81.205	83.540	40043	0	20
2024.01.29	83.404	83.919	81.834	82.364	43118	0	20
2024.01.30	82.460	83.195	81.195	82.820	39255	0	20
2024.01.31	82.811	82.831	80.631	80.826	53185	0	20
2024.02.01	81.072	81.877	78.937	79.232	62477	0	20
2024.02.02	79.709	79.754	77.189	77.739	54412	0	20
2024.02.05	77.753	78.603	76.913	78.268	46294	0	20
2024.02.06	78.139	79.329	77.919	78.959	43000	0	20
2024.02.07	79.130	79.720	78.740	79.615	40503	0	20
2024.02.08	79.582	82.132	79.272	82.052	33193	0	20
2024.02.09	81.933	82.668	81.438	82.133	34057	0	20
2024.02.12	81.972	82.372	80.967	82.197	31504	0	20
2024.02.13	82.158	83.393	82.118	82.848	36683	0	20
2024.02.14	82.584	83.749	81.544	81.639	38759	0	20
2024.02.15	81.441	83.386	80.856	82.991	34089	0	20
2024.02.16	82.832	83.792	82.017	83.422	34840	0	20
2024.02.19	82.881	83.681	82.641	83.351	17599	0	20
2024.02.20	83.442	83.702	82.137	82.557	40230	0	20
2024.02.21	82.504	83.218	81.723	83.178	40399	0	20
2024.02.22	83.185	84.000	82.380	83.475	33358	0	20
2024.02.23	83.411	83.511	81.621	81.836	36578	0	20
2024.02.26	81.335	83.030	81.085	82.610	23423	0	20
2024.02.27	82.723	83.593	82.113	83.198	24807	0	20
2024.02.28	83.135	83.950	82.390	82.730	28752	0	20
2024.02.29	82.828	83.618	82.308	82.778	32133	0	20
2024.03.01	82.936	85.097	82.576	84.141	28313	0	20
2024.03.04	84.400	84.740	83.250	83.510	32484	0	20
2024.03.05	83.403	83.768	82.358	82.673	39633	0	20
2024.03.06	82.686	84.646	82.461	83.506	29701	0	20
2024.03.07	83.653	84.043	82.643	83.683	38791	0	20
2024.03.08	83.826	84.381	82.251	82.351	38859	0	20
2024.03.11	81.860	83.180	81.525	82.875	35073	0	20
2024.03.12	82.863	83.423	82.093	82.798	36682	0	20
2024.03.13	82.691	84.591	82.341	84.306	29169	0	20
2024.03.14	84.348	86.009	84.318	85.508	29253	0	20
2024.03.15	85.411	85.866	84.941	85.576	32193	0	20
2024.03.18	85.505	87.395	85.470	87.125	29063	0	20
2024.03.19	87.088	87.878	86.678	87.358	26986	0	20
2024.03.20	87.316	87.496	85.736	86.391	34876	0	20
2024.03.21	86.374	86.749	85.174	85.599	29029	0	20
2024.03.22	85.696	86.231	85.201	85.686	28073	0	20
2024.03.25	85.715	87.095	85.530	86.655	24191	0	20
2024.03.26	86.716	86.986	85.776	85.786	23500	0	20
2024.03.27	85.821	86.241	85.136	86.236	24826	0	20
2024.03.28	86.232	87.567	86.027	87.447	21435	0	20
2024.04.01	87.400	88.430	86.860	88.175	24544	0	20
2024.04.02	88.080	89.721	88.070	89.650	29405	0	20
2024.04.03	89.581	90.401	89.091	89.941	25890	0	20
2024.04.04	89.882	91.681	89.121	91.371	28320	0	20
2024.04.05	91.517	92.287	90.942	91.272	30459	0	20
2024.04.08	90.154	91.414	89.109	90.864	43792	0	20
2024.04.09	90.970	91.235	89.555	89.750	31298	0	20
2024.04.10	89.776	90.940	89.115	90.780	42632	0	20
2024.04.11	90.776	91.186	89.641	90.451	38782	0	20
2024.04.12	90.352	92.417	90.282	90.422	36832	0	20
2024.04.15	90.729	90.839	88.919	90.549	45768	0	20
2024.04.16	90.725	90.999	89.579	90.104	42191	0	20
2024.04.17	90.280	90.305	87.280	87.590	38904	0	20
2024.04.18	87.605	87.920	86.215	86.965	40867	0	20
2024.04.19	87.146	90.851	86.301	87.306	62315	0	20
2024.04.22	86.838	87.303	85.843	87.238	39773	0	20
2024.04.23	87.219	88.524	86.064	88.449	42067	0	20
2024.04.24	88.515	88.865	87.655	88.064	38437	0	20
2024.04.25	87.961	89.025	87.230	88.985	38037	0	20
2024.04.26	89.010	89.600	88.600	89.060	28232	0	20
2024.04.29	88.453	89.089	87.828	88.153	31533	0	20
2024.04.30	87.933	88.638	86.298	86.813	33578	0	20
2024.05.01	86.673	86.697	84.107	84.407	40015	0	20
2024.05.02	84.552	85.217	83.837	84.457	40253	0	20
2024.05.03	84.706	85.136	83.566	83.581	34466	0	20
2024.05.06	83.831	84.485	83.435	84.185	34438	0	20
2024.05.07	84.420	84.495	83.045	83.620	30883	0	20
2024.05.08	83.594	84.414	82.314	84.354	33113	0	20
2024.05.09	84.409	84.904	84.024	84.729	25821	0	20
2024.05.10	84.723	85.064	83.243	83.268	24402	0	20
2024.05.13	83.047	84.282	82.712	83.932	25137	0	20
2024.05.14	83.841	84.036	82.521	83.177	29820	0	20
2024.05.15	83.161	83.446	81.441	83.336	33787	0	20
2024.05.16	83.411	84.130	82.660	83.750	24548	0	20
2024.05.17	83.765	84.360	83.410	84.260	28258	0	20
2024.05.20	83.959	84.719	83.349	83.884	30695	0	20
2024.05.21	83.888	83.939	82.248	82.733	36743	0	20
2024.05.22	82.758	82.798	81.748	81.838	31894	0	20
2024.05.23	81.803	83.107	81.067	81.492	34995	0	20
2024.05.24	81.467	82.542	80.827	82.262	25988	0	20
2024.05.27	82.345	83.305	82.205	83.175	11624	0	20
2024.05.28	83.197	84.643	83.102	84.642	27917	0	20
2024.05.29	84.640	85.040	83.470	83.730	24374	0	20
2024.05.30	83.632	83.887	82.147	82.232	36585	0	20
2024.05.31	82.075	82.985	81.055	81.705	36107	0	20
2024.06.03	81.118	81.918	78.373	78.438	35801	0	20
2024.06.04	78.466	78.466	77.015	77.506	36081	0	20
2024.06.05	77.613	78.798	77.413	78.773	29629	0	20
2024.06.06	78.996	80.301	78.611	80.131	25327	0	20
2024.06.07	80.249	80.588	79.538	79.619	29136	0	20
2024.06.10	79.711	82.212	79.631	82.171	29784	0	20
2024.06.11	82.159	82.514	81.374	82.279	30464	0	20
2024.06.12	82.147	83.486	82.116	82.621	23354	0	20
2024.06.13	82.529	83.184	81.944	82.249	21328	0	20
2024.06.14	82.166	83.521	82.046	82.727	21991	0	20
2024.06.17	82.540	84.610	82.194	84.550	20975	0	20
2024.06.18	84.502	85.562	83.742	85.507	19329	0	20
2024.06.19	85.419	85.900	84.969	85.315	14769	0	20
2024.06.20	85.172	86.017	85.007	85.738	21000	0	20
2024.06.21	85.605	86.275	84.880	85.130	18465	0	20
2024.06.24	84.772	86.168	84.752	86.057	18919	0	20
2024.06.25	86.090	86.235	84.785	84.975	21687	0	20
2024.06.26	84.855	85.835	84.525	85.225	19310	0	20
2024.06.27	84.989	86.349	84.870	86.094	25458	0	20
2024.06.28	86.154	86.924	85.274	85.684	27571	0	20
2024.07.01	85.758	87.554	85.738	87.389	24875	0	20
2024.07.02	87.338	88.103	86.813	87.163	27114	0	20
2024.07.03	87.048	88.008	86.518	87.703	26480	0	20
2024.07.04	87.702	88.183	87.107	88.133	14907	0	20
2024.07.05	88.027	88.522	87.067	87.447	25261	0	20
2024.07.08	87.256	87.262	86.051	86.201	29829	0	20
2024.07.09	86.171	86.326	85.006	85.386	24722	0	20
2024.07.10	85.300	86.101	84.450	85.825	26877	0	20
2024.07.11	85.896	86.306	85.065	86.071	29332	0	20
2024.07.12	86.110	86.740	85.350	85.410	25565	0	20
2024.07.15	85.269	85.589	84.744	85.159	28605	0	20
2024.07.16	85.109	85.149	83.599	84.054	26745	0	20
2024.07.17	83.913	85.464	83.699	85.424	30611	0	20
2024.07.18	85.428	86.049	84.468	85.009	31263	0	20
2024.07.19	84.778	85.563	82.783	82.948	30396	0	20
2024.07.22	83.137	83.367	81.747	82.462	28355	0	20
2024.07.23	82.422	82.902	80.632	81.697	29270	0	20
2024.07.24	81.536	82.306	81.096	81.607	29381	0	20
2024.07.25	81.551	82.596	80.156	82.431	33975	0	20
2024.07.26	82.531	82.736	80.421	80.791	31632	0	20
2024.07.29	81.346	81.741	79.546	79.992	35996	0	20
2024.07.30	79.760	80.075	78.825	79.435	33569	0	20
2024.07.31	79.394	82.344	79.294	82.294	36839	0	20
2024.08.01	82.342	82.597	80.282	80.853	38207	0	20
2024.08.02	80.656	81.231	77.201	78.151	49444	0	20
2024.08.05	77.911	78.026	75.736	77.851	80202	0	20
2024.08.06	78.060	78.465	76.245	77.000	57330	0	20
2024.08.07	76.779	79.484	76.584	79.179	48638	0	20
2024.08.08	79.092	79.962	78.222	79.607	49202	0	20
2024.08.09	79.661	80.371	79.331	80.266	32188	0	20
2024.08.12	79.926	82.866	79.926	82.402	30741	0	20
2024.08.13	82.330	82.725	80.985	81.330	34222	0	20
2024.08.14	81.364	81.834	80.009	80.259	37782	0	20
2024.08.15	80.323	81.792	79.997	81.268	34324	0	20
2024.08.16	81.241	81.351	78.961	80.066	33756	0	20
2024.08.19	79.681	79.987	77.736	78.016	41501	0	20
2024.08.20	77.825	78.545	76.765	77.355	39266	0	20
2024.08.21	77.284	78.369	75.824	76.219	38798	0	20
2024.08.22	76.212	77.842	75.912	77.318	38402	0	20
2024.08.23	77.371	79.236	77.151	79.066	33836	0	20
2024.08.26	79.376	81.326	79.341	80.931	31115	0	20
2024.08.27	80.874	81.219	79.324	79.719	31408	0	20
2024.08.28	79.737	79.843	77.887	78.172	41102	0	20
2024.08.29	78.211	80.276	77.726	79.636	37703	0	20
2024.08.30	79.384	80.209	77.389	77.679	43817	0	20
2024.09.02	76.979	78.229	76.824	77.864	24279	0	20
2024.09.03	77.763	78.122	74.097	74.252	48055	0	20
2024.09.04	74.270	75.355	72.905	73.190	58237	0	20
2024.09.05	73.324	74.709	72.899	73.319	46073	0	20
2024.09.06	73.372	74.022	71.117	71.992	48234	0	20
2024.09.09	72.217	72.632	71.072	72.353	51819	0	20
2024.09.10	72.375	72.665	69.070	70.055	58836	0	20
2024.09.11	69.999	71.444	69.369	70.994	59254	0	20
2024.09.12	70.982	73.212	70.967	72.497	48714	0	20
2024.09.13	72.530	73.545	71.785	72.345	44477	0	20
2024.09.16	71.971	73.615	71.755	73.220	38977	0	20
2024.09.17	73.101	74.365	72.435	73.841	36514	0	20
2024.09.18	73.790	74.115	72.435	73.021	55836	0	20
2024.09.19	73.265	75.116	72.930	74.760	44941	0	20
2024.09.20	74.676	74.895	73.955	74.655	39486	0	20
2024.09.23	74.420	75.120	73.100	74.130	47176	0	20
2024.09.24	74.071	75.786	73.940	75.115	42969	0	20
2024.09.25	75.141	75.315	73.155	73.665	55764	0	20
2024.09.26	73.511	73.905	70.895	71.495	73075	0	20
2024.09.27	71.335	72.595	71.060	72.566	56255	0	20
2024.09.30	72.240	73.340	71.585	72.415	56515	0	20
2024.10.01	72.345	75.975	70.445	74.920	67979	0	20
2024.10.02	74.910	76.646	74.105	75.150	50448	0	20
2024.10.03	75.025	78.475	74.805	78.015	58585	0	20
2024.10.04	78.150	79.760	77.855	78.690	55592	0	20
2024.10.07	77.865	81.571	77.820	81.425	47866	0	20
2024.10.08	81.420	81.540	76.765	77.826	68241	0	20
2024.10.09	77.850	78.395	75.555	77.095	68513	0	20
2024.10.10	77.145	80.065	77.085	79.431	51405	0	20
2024.10.11	79.590	79.825	78.365	79.190	48649	0	20
2024.10.14	77.795	78.555	75.825	75.840	54356	0	20
2024.10.15	75.645	75.820	73.590	74.781	58496	0	20
2024.10.16	74.850	75.150	73.655	74.720	47369	0	20
2024.10.17	74.805	75.125	73.475	74.795	45602	0	20
2024.10.18	74.765	75.136	72.695	73.316	49601	0	20
2024.10.21	73.321	74.695	72.975	74.205	41917	0	20
2024.10.22	74.250	76.425	73.685	75.726	52678	0	20
2024.10.23	75.825	76.136	74.515	75.335	45577	0	20
2024.10.24	75.485	76.605	74.073	74.661	42523	0	20
2024.10.25	74.893	76.143	74.218	75.900	40079	0	20
2024.10.28	73.026	73.059	71.194	71.986	45048	0	20
2024.10.29	71.893	72.466	70.641	71.438	42511	0	20
2024.10.30	71.305	73.030	71.157	73.025	44574	0	20
2024.10.31	72.810	74.604	72.144	74.306	46167	0	20
2024.11.01	74.436	75.261	73.313	73.323	45337	0	20
2024.11.04	74.537	75.662	74.212	75.544	36649	0	20
2024.11.05	75.184	76.499	75.171	75.756	32860	0	20
2024.11.06	75.394	76.219	73.599	75.443	62964	0	20
2024.11.07	75.345	76.304	74.310	75.710	46377	0	20
2024.11.08	75.609	75.762	73.669	74.247	40291	0	20
2024.11.11	73.830	74.300	71.790	72.093	37107	0	20
2024.11.12	72.202	72.997	71.729	71.930	38064	0	20
2024.11.13	72.044	72.786	70.924	72.106	42069	0	20
2024.11.14	72.296	73.363	71.943	72.603	39973	0	20
2024.11.15	72.448	72.620	70.978	71.189	41427	0	20
2024.11.18	71.153	73.570	70.931	73.426	37275	0	20
2024.11.19	73.260	73.950	72.690	73.412	42805	0	20
2024.11.20	73.439	74.002	72.773	73.164	29821	0	20
2024.11.21	73.125	74.431	72.966	74.311	34868	0	20
2024.11.22	74.371	75.456	73.481	75.183	33837	0	20
2024.11.25	75.232	75.349	72.863	73.183	39910	0	20
2024.11.26	72.698	74.338	72.143	72.916	36179	0	20
2024.11.27	72.830	73.341	72.207	72.882	39950	0	20
2024.11.28	72.698	73.435	72.330	73.164	21824	0	20
2024.11.29	72.810	73.789	72.491	72.757	34348	0	20
2024.12.02	72.205	73.293	71.930	72.312	37620	0	20
2024.12.03	72.308	74.290	72.070	73.989	33948	0	20
2024.12.04	73.992	74.640	72.630	72.772	35189	0	20
2024.12.05	72.767	73.252	72.162	72.519	35615	0	20
2024.12.06	72.420	72.476	71.184	71.346	28895	0	20
2024.12.09	71.370	72.922	71.355	72.222	26161	0	20
2024.12.10	72.312	72.979	71.789	72.334	26445	0	20
2024.12.11	72.466	73.986	72.457	73.766	29981	0	20
2024.12.12	73.809	74.203	72.646	73.643	31449	0	20
2024.12.13	73.531	74.788	73.511	74.551	27289	0	20
2024.12.16	74.437	74.546	73.855	73.997	27702	0	20
2024.12.17	74.049	74.308	72.618	73.443	29238	0	20
2024.12.18	73.296	74.309	72.921	72.991	25723	0	20
2024.12.19	73.091	73.956	72.658	72.718	30031	0	20
2024.12.20	72.630	73.380	72.098	73.085	26309	0	20
2024.12.23	73.244	73.461	72.141	73.121	23388	0	20
2024.12.24	73.086	73.858	72.908	73.683	20290	0	20
2024.12.26	73.739	74.163	72.985	73.252	20019	0	20
2024.12.27	73.092	74.330	73.042	73.834	24102	0	20
2024.12.30	74.055	74.861	73.760	74.455	23231	0	20
2024.12.31	74.659	75.238	74.188	75.193	22471	0	20
2025.01.02	75.404	76.869	75.052	76.211	30223	0	20
2025.01.03	76.356	77.043	75.848	76.923	24781	0	20
2025.01.06	76.780	77.760	76.218	76.485	27611	0	20
2025.01.07	76.337	77.537	76.177	77.447	26459	0	20
2025.01.08	77.622	78.132	76.284	76.424	29826	0	20
2025.01.09	76.089	77.491	75.926	77.471	22332	0	20
2025.01.10	77.471	80.956	77.253	79.883	44458	0	20
2025.01.13	81.417	81.857	80.547	81.049	49415	0	20
2025.01.14	80.984	81.316	80.044	80.491	44983	0	20
2025.01.15	80.286	82.779	79.781	82.489	46246	0	20
2025.01.16	82.538	82.703	80.533	81.470	49015	0	20
2025.01.17	81.610	82.055	80.680	80.927	42149	0	20
2025.01.20	81.017	81.069	79.527	79.959	33386	0	20
2025.01.21	79.998	80.546	78.533	79.426	41583	0	20
2025.01.22	79.356	79.973	78.878	78.978	33645	0	20
2025.01.23	78.930	79.649	77.860	77.950	36081	0	20
2025.01.24	77.750	79.020	77.730	78.477	30712	0	20
2025.01.27	77.796	78.998	76.476	77.093	30590	0	20
2025.01.28	77.085	78.113	76.852	77.469	33592	0	20
2025.01.29	77.471	77.560	76.258	76.760	28874	0	20
2025.01.30	76.591	77.464	75.856	77.036	28890	0	20
2025.01.31	77.123	77.333	76.000	77.312	35963	0	20
2025.02.03	76.944	77.979	75.789	76.207	49208	0	20
2025.02.04	76.170	77.355	74.855	76.777	40017	0	20
2025.02.05	76.811	77.008	75.221	75.373	30017	0	20
2025.02.06	75.312	76.017	74.732	74.889	30840	0	20
2025.02.07	74.935	75.703	74.885	75.335	29785	0	20
2025.02.10	75.516	76.573	75.464	76.553	24679	0	20
2025.02.11	76.468	77.734	76.358	77.350	25878	0	20
2025.02.12	77.144	77.346	75.372	75.412	30114	0	20
2025.02.13	75.320	75.612	74.450	75.602	27633	0	20
2025.02.14	75.531	76.198	74.928	74.963	26912	0	20
2025.02.17	74.804	75.641	74.704	75.546	21589	0	20
2025.02.18	75.455	76.280	75.120	76.032	26884	0	20
2025.02.19	76.026	76.997	76.006	76.264	22705	0	20
2025.02.20	76.244	77.283	75.879	76.729	24812	0	20
2025.02.21	76.829	76.876	74.341	74.361	23214	0	20
2025.02.24	74.332	74.882	74.127	74.859	22032	0	20
2025.02.25	74.837	75.170	72.618	73.074	23056	0	20
2025.02.26	73.023	73.215	72.323	72.665	24365	0	20
2025.02.27	72.678	74.118	72.480	73.715	22878	0	20
2025.02.28	73.648	73.726	72.683	73.410	24878	0	20
2025.03.03	73.824	73.988	71.489	71.796	35377	0	20
2025.03.04	71.575	71.617	70.055	71.418	36045	0	20
2025.03.05	71.305	71.452	68.625	69.677	37126	0	20
2025.03.06	69.816	70.163	69.011	69.748	35630	0	20
2025.03.07	69.581	71.651	69.571	70.633	36271	0	20
2025.03.10	70.150	71.088	69.279	69.399	30685	0	20
2025.03.11	69.112	70.632	68.839	70.124	32989	0	20
2025.03.12	70.125	71.288	69.669	71.170	25349	0	20
2025.03.13	71.076	71.426	69.869	70.180	28576	0	20
2025.03.14	70.251	70.911	70.099	70.676	21569	0	20
2025.03.17	71.296	71.915	70.815	71.112	22413	0	20
2025.03.18	71.077	72.290	70.383	70.467	24994	0	20
2025.03.19	70.522	71.321	69.995	70.932	25515	0	20
2025.03.20	71.063	72.368	70.611	72.363	22116	0	20
2025.03.21	72.461	72.568	71.576	72.223	23080	0	0
2025.03.24	72.295	73.093	71.795	72.965	21855	0	20
2025.03.25	72.940	73.420	72.398	73.070	17480	0	20
2025.03.26	73.134	73.982	72.972	73.804	16253	0	20
2025.03.27	73.673	73.848	73.016	73.828	17279	0	20
2025.03.28	73.852	73.932	72.820	72.972	19315	0	20
2025.03.31	73.284	75.455	72.692	75.104	24953	0	20
2025.04.01	75.034	75.686	74.736	74.888	26149	0	20
2025.04.02	74.873	75.848	74.235	74.623	29460	0	20
2025.04.03	72.945	73.767	69.855	70.217	45323	0	20
2025.04.04	70.414	70.420	64.389	66.237	72852	0	20
2025.04.07	63.496	67.739	62.821	64.749	107656	0	20
2025.04.08	64.998	65.498	61.635	61.753	78912	0	20
2025.04.09	61.519	66.282	58.679	66.062	102304	0	24
2025.04.10	66.221	66.311	62.268	63.670	79270	0	20
2025.04.11	63.267	65.297	63.017	64.919	68285	0	20
2025.04.14	64.900	66.090	64.240	65.151	37055	0	20
2025.04.15	65.200	65.574	64.394	65.040	30548	0	20
2025.04.16	64.985	66.468	63.958	66.160	38751	0	20
2025.04.17	66.392	68.282	66.092	67.809	32921	0	20
2025.04.21	67.148	67.466	65.758	66.650	31754	0	20
2025.04.22	66.847	68.102	66.610	67.350	33976	0	20
2025.04.23	68.117	68.697	65.342	66.314	44573	0	20
2025.04.24	66.221	67.071	65.896	66.597	33054	0	20
2025.04.25	66.636	67.138	65.606	66.828	33090	0	20
2025.04.28	66.816	67.108	65.091	65.448	31017	0	20
2025.04.29	65.441	65.644	63.840	63.853	35335	0	20
2025.04.30	63.981	64.121	61.561	61.964	42471	0	20
2025.05.01	62.016	63.126	60.081	62.668	41238	0	20
2025.05.02	62.676	63.454	61.416	62.228	37167	0	20
2025.05.05	59.621	61.421	59.496	60.953	33743	0	20
2025.05.06	60.888	63.412	60.789	62.656	35103	0	20
2025.05.07	63.172	63.792	61.447	61.555	31048	0	20
2025.05.08	61.667	63.724	61.564	63.724	29576	0	20
2025.05.09	63.537	64.792	63.372	64.498	25789	0	20
2025.05.12	64.582	66.832	64.322	65.434	29582	0	20
2025.05.13	65.247	67.215	65.039	66.964	25148	0	20
2025.05.14	66.900	66.974	66.064	66.184	24454	0	20
2025.05.15	65.562	65.677	63.787	64.899	35149	0	20
2025.05.16	64.987	65.863	64.497	65.609	25715	0	20
2025.05.19	65.642	66.234	64.662	65.764	26758	0	20
2025.05.20	65.828	66.193	65.068	65.819	24477	0	20
2025.05.21	66.398	66.805	64.793	64.840	31192	0	20
2025.05.22	64.698	65.175	63.673	64.209	30760	0	20
2025.05.23	64.203	65.083	63.438	65.030	32361	0	20
2025.05.26	65.174	65.266	64.479	64.751	17384	0	20
2025.05.27	64.656	65.040	63.520	64.297	26094	0	20
2025.05.28	64.498	65.575	64.052	64.852	23335	0	20
2025.05.29	65.185	66.003	63.640	63.877	26074	0	20
2025.05.30	63.861	64.583	62.591	63.200	31729	0	20
2025.06.02	64.372	66.167	64.287	65.614	31913	0	20
2025.06.03	65.613	66.365	64.933	66.075	25486	0	20
2025.06.04	65.883	66.346	64.673	65.270	28042	0	20
2025.06.05	65.156	66.224	65.009	65.636	18168	0	20
2025.06.06	65.607	67.024	65.184	66.981	20845	0	20
2025.06.09	66.776	67.428	66.378	67.418	15231	0	20
2025.06.10	67.421	68.266	66.766	66.862	22330	0	20
2025.06.11	66.827	70.227	66.739	70.055	30355	0	20
2025.06.12	70.282	70.497	68.612	70.402	37363	0	20
2025.06.13	71.627	78.717	71.547	74.955	102344	0	21
2025.06.16	75.479	75.664	70.819	73.142	57863	0	20
2025.06.17	74.694	77.049	72.799	76.922	60892	0	20
2025.06.18	76.845	77.565	74.560	76.288	61930	0	20
2025.06.19	76.435	79.130	75.775	78.875	39400	0	20
2025.06.20	77.256	77.591	75.641	77.303	53080	0	20
2025.06.23	79.037	79.372	70.095	70.375	72570	0	20
2025.06.24	68.813	70.203	66.833	67.827	64064	0	20
2025.06.25	67.835	68.594	67.315	67.610	34418	0	20
2025.06.26	67.517	68.839	67.301	67.716	31506	0	20
2025.06.27	67.893	68.347	67.165	67.482	27239	0	20
2025.06.30	67.120	68.133	66.865	67.505	26686	0	20
2025.07.01	67.516	68.400	67.242	68.156	24370	0	20
2025.07.02	68.042	70.077	67.817	69.917	25033	0	20
2025.07.03	69.758	69.981	69.168	69.738	24440	0	20
2025.07.04	69.645	69.685	68.558	69.285	15008	0	20
2025.07.07	68.331	70.641	68.038	70.303	26789	0	20
2025.07.08	70.104	71.344	69.734	70.648	21486	0	20
2025.07.09	70.540	71.340	70.248	70.774	21362	0	20
2025.07.10	70.571	71.069	69.135	69.466	24123	0	20
2025.07.11	69.477	71.261	69.120	71.176	22836	0	20
2025.07.14	70.986	71.990	69.558	69.615	26763	0	20
2025.07.15	69.546	69.844	69.036	69.316	26922	0	20
2025.07.16	69.357	69.483	68.115	69.077	24935	0	20
2025.07.17	69.169	69.989	68.638	69.943	21648	0	20
2025.07.18	69.820	71.104	69.474	69.614	27579	0	20
2025.07.21	69.548	69.853	68.651	69.212	21936	0	20
2025.07.22	69.269	69.294	68.318	68.964	26119	0	20
2025.07.23	69.055	69.230	68.180	68.855	24930	0	20
2025.07.24	68.914	69.619	68.568	69.368	30379	0	20
2025.07.25	69.368	69.807	68.337	68.372	24854	0	20
2025.07.28	68.564	70.453	68.538	70.308	22072	0	20
2025.07.29	70.197	72.925	69.912	72.505	20991	0	20
2025.07.30	72.431	73.531	71.625	73.390	27715	0	20
2025.07.31	73.405	73.485	71.677	72.469	24685	0	20
2025.08.01	72.401	72.623	70.066	70.088	33431	0	20
2025.08.04	69.848	70.542	68.572	69.254	25417	0	20
2025.08.05	69.381	69.418	68.066	68.223	23842	0	20
2025.08.06	68.326	69.684	66.744	67.252	29572	0	20
2025.08.07	67.428	68.148	66.765	66.885	22875	0	20
2025.08.08	66.867	67.667	65.997	66.588	26710	0	20
2025.08.11	66.523	67.498	66.198	67.095	21719	0	20
2025.08.12	67.191	67.411	66.341	66.483	22117	0	20
2025.08.13	66.492	66.650	65.345	66.052	21270	0	20
2025.08.14	66.136	67.291	65.879	67.201	20327	0	20
2025.08.15	67.239	67.335	66.012	66.439	21604	0	20
2025.08.18	65.716	67.014	65.509	66.736	21765	0	20
2025.08.19	66.692	66.715	65.779	66.189	20136	0	20
2025.08.20	66.228	67.213	65.978	67.083	19305	0	20
2025.08.21	67.122	67.915	66.865	67.717	18914	0	20
2025.08.22	67.740	68.083	67.510	67.920	21260	0	20
2025.08.25	67.821	69.031	67.594	68.756	14845	0	20
2025.08.26	68.601	68.626	67.136	67.313	18063	0	20
2025.08.27	67.385	68.010	66.898	67.715	17006	0	20
2025.08.28	67.605	68.550	67.305	68.157	17829	0	20
2025.08.29	68.028	68.404	67.772	67.884	14744	0	20
2025.09.01	67.804	68.779	67.539	68.589	9455	0	20
2025.09.02	68.651	69.932	68.469	69.476	21200	0	20
2025.09.03	69.493	69.623	67.781	67.883	24010	0	20
2025.09.04	67.760	67.775	66.713	67.165	20456	0	20
2025.09.05	67.107	67.405	65.425	65.972	20896	0	20
2025.09.08	66.161	67.331	66.031	66.503	18085	0	20
2025.09.09	66.525	67.653	66.405	66.760	18374	0	20
2025.09.10	67.034	68.034	66.931	67.826	16791	0	20
2025.09.11	67.853	67.853	66.396	66.538	16952	0	20
2025.09.12	66.448	68.398	65.931	67.100	20087	0	20
2025.09.15	67.161	68.006	67.161	67.661	14783	0	10
2025.09.16	67.653	68.843	67.163	68.653	16284	0	10
2025.09.17	68.645	68.698	67.763	68.065	17919	0	10
2025.09.18	68.077	68.535	67.317	67.617	20713	0	10
2025.09.19	67.529	67.674	66.542	66.729	17583	0	10
2025.09.22	66.899	67.352	65.992	66.654	14582	0	10
2025.09.23	66.676	68.039	66.121	67.836	18713	0	10
2025.09.24	67.839	69.116	67.404	68.923	17289	0	10
2025.09.25	68.820	69.425	68.263	69.340	18715	0	10
2025.09.26	69.352	70.435	68.847	69.352	17105	0	10
2025.09.29	69.138	69.464	67.204	67.253	19697	0	10
2025.09.30	67.175	67.335	66.143	66.560	21788	0	10
2025.10.01	66.697	67.047	65.535	65.852	20679	0	10
2025.10.02	66.302	66.349	64.469	64.774	20369	0	10
2025.10.03	64.709	65.454	64.659	64.911	17864	0	10
2025.10.06	65.655	66.162	65.155	65.882	18122	0	10
2025.10.07	65.864	66.208	64.912	66.159	17171	0	10
2025.10.08	66.139	66.891	66.139	66.431	15484	0	10
2025.10.09	66.051	66.911	65.301	65.523	20325	0	10
2025.10.10	65.575	65.675	62.843	62.860	27050	0	10
2025.10.13	63.769	64.219	63.339	63.711	23430	0	10
2025.10.14	63.773	63.873	61.761	62.553	29302	0	10
2025.10.15	62.537	62.697	62.254	62.474	5154	0	10
